Area Name,Area ID,185,14006,26,9150,97,37,42,123,476,468,9636,6014,6080,95,96,3155,3156,10287,46,51,53,3475,15369,3911,17655,9092,9097,9102,13669,3908,10269,3361,10397,200
Hartlepool,E06000001,12,2.77,4.7,4.69,7.3,30.1,36.9,207,11.53,15.15,2.8,47.4,65,76.5,81.1,57.6,58.8,0.085,30.1,1.4,6.2,"27,717.00",30.1,0.228,28.1,7.33,7.68,7.21,205.3,14.242,47.2,34.9,14.4,91.6
Middlesbrough,E06000002,11,15.79,4.5,5.04,10.1,28.6,54.3,171,16.35,26.35,3.9,46.7,61,75.4,79.8,58.8,60.6,0.092,28.6,1.3,3.9,"26,393.00",42.4,0.233,28.2,7.21,7.62,7.26,245,14.183,53.4,35.6,8.2,91.42
Redcar and Cleveland,E06000003,24,5.44,3.3,5.65,4.7,33.4,30.2,195,8.73,15.92,4.7,48.8,69,77.5,81.5,56.9,58.5,0.08,37.3,1.5,12.1,"24,781.00",30.7,0.168,21.5,7.44,7.76,7.49,192.9,14.139,55.2,35.6,15.9,92.99
Stockton-on-Tees,E06000004,18,4.04,3.6,5.5,6,35.6,46.5,157,9.45,13.28,4.1,50.4,64,78.1,81.3,60.1,61.5,0.096,24.3,1.4,12.2,"27,834.00",26.6,0.16,19.9,7.4,7.74,7.25,179.5,15.87,56.7,35.6,13.2,94.43
Darlington,E06000005,25,3.41,3.2,4.92,5.4,38.4,43,232,10.45,13.18,4,50.7,61,78.1,81.2,59.5,60.6,0.112,35.1,1.5,4.5,"27,646.00",28.5,0.152,19.1,7.25,7.55,7.12,169.1,11.942,54.9,35.6,13.9,94.87
Halton,E06000006,128,8.95,2.1,5.65,4.3,30.4,45.3,107,11.64,10.48,2.6,47.2,56,77.4,81.4,61.4,58,0.1,39.3,1.2,4.9,"28,829.00",16.6,0.181,25.9,7.29,7.68,7.31,196.1,16.214,58.6,24.8,13.9,94.12
Warrington,E06000007,27,3.84,2.1,7.14,2.8,41.6,62.4,116,10.23,7.32,2.2,51.8,70,78.9,82.3,64.6,64.8,0.129,44.4,1.3,5.6,"31,517.00",13.6,0.121,14.9,7.21,7.5,7.14,144.1,17.152,61.1,37.4,14.3,96.48
Blackburn with Darwen,E06000008,1,2.89,4.3,5.17,5.6,33.7,73.2,76,12.68,12.54,2.3,50.7,60,76.3,80.3,58.8,59.7,0.153,29.8,1.3,4.1,"25,902.00",34,0.238,19.7,7.43,7.69,7.49,211.6,12.312,52.5,31.4,17.7,94.76
Blackpool,E06000009,33,7.21,5.1,5.41,5.7,28.8,60.6,206,26.31,19.29,6.9,41.7,62,74.1,79,53.5,54.3,0.108,27.5,1.5,3.2,"22,833.00",24,0.231,31.3,7.16,7.45,7.16,265.2,11.804,53.5,35.6,6.9,88
Kingston upon Hull,E06000010,24,33.2,3.8,4.76,6.2,24.7,42.8,192,17.56,18.75,3.3,47.5,63,75.6,80,53.8,57.9,0.112,49.2,1.2,4,"26,048.00",33.4,0.257,23.7,7.14,7.44,7.28,236.3,21.108,49.8,24,8.7,92.9
East Riding of Yorkshire,E06000011,24,7.42,2.7,6.83,3.2,39.6,47,70,7.01,6.52,2.8,51.4,61,80.1,83.5,65.3,67.9,0.096,60.8,1.6,7,"30,361.00",16.7,0.108,13.4,7.74,8.01,7.56,119.5,19.842,57.4,35.6,16.8,97.36
North East Lincolnshire,E06000012,38,12.01,4,5.24,3.8,23.6,53.7,118,13.69,16.26,4.9,45.8,59,78,82.2,55.2,57.5,0.107,35.5,1.4,7.2,"28,110.00",26.2,0.17,23.1,7.42,7.67,7.4,195.1,13.386,55.8,26.2,14.8,93.06
North Lincolnshire,E06000013,36,3.8,2.8,5.5,1.6,31.3,44.4,185,9.47,10.61,3.3,47.6,59,78.7,82.7,58.7,56.4,0.104,51.9,1.5,37.8,"29,530.00",23.1,0.135,19.6,7.45,7.81,7.45,163.5,14.96,50.2,35.6,15.5,94.55
York,E06000014,26,1.98,2.8,8.85,1.6,59.3,44,147,9.76,7.49,2.2,55.3,61,79.9,83.6,65.3,64.6,0.076,44.1,1.3,3.4,"30,878.00",12.9,0.094,10.8,7.46,7.62,7.39,136,15.871,66.5,35.6,12.3,96.77
Derby,E06000015,42,13.51,3,6.02,3.9,42,54.1,249,12.97,11.88,4.7,46.4,55,77.7,81.5,57.7,61.6,0.117,36.7,1.3,4,"30,739.00",22.2,0.168,22.7,7.34,7.68,7.29,173.3,19.864,58.1,33.4,12,92.57
Leicester,E06000016,13,18.25,3,8.28,6.1,35.5,153,188,18.76,13.51,4.4,47.2,58,76.8,81.5,59.6,57.5,0.138,35.7,1.1,3.3,"25,355.00",28.3,0.298,19.7,7.4,7.68,7.35,178.1,16.433,51.5,35.6,14.1,92.97
Rutland,E06000017,18,1.47,3,10.44,2.8,43.2,108,155,6.25,4.77,1.6,55.3,67,83.2,85,74.7,66.8,0.124,52.3,1.6,22.5,"32,597.00",8.5,0.064,7.2,7.48,7.92,7.68,88.5,23.583,68.9,35.6,15.6,97.91
Nottingham,E06000018,7,25.3,3.1,6.47,5.2,41.7,50.1,447,13.83,12.32,4.9,45.8,59,76.6,81,57.4,57.1,0.133,23.9,1.1,3.1,"25,196.00",25.1,0.238,26.4,7.12,7.66,7.12,209.7,23.586,60.7,35.6,10.3,93.08
Herefordshire,E06000019,31,13.33,1.3,9.4,3.1,39,51.7,236,8.66,6.41,2.5,50.6,60,79.9,83.8,64.2,66.3,0.098,38.7,1.4,3.9,"29,258.00",16.4,0.109,13,7.52,7.81,7.51,125.2,26.817,65.1,35.6,14.8,98.03
Telford and Wrekin,E06000020,33,3.65,2.5,6.85,4.4,35.2,76.9,109,11.59,8.42,4.1,50.2,61,78.2,81.9,57.6,60.3,0.077,48.2,1.2,4.4,"28,450.00",21.4,0.166,20.3,7.39,7.76,7.37,167.6,19.797,55.6,35.6,13.7,97.26
Stoke-on-Trent,E06000021,37,12.21,3.9,4.86,2.9,29,52.7,258,12.39,11.61,4.2,45.1,56,75.9,79.7,55.9,55.1,0.148,31.7,1.3,4.6,"26,766.00",33.2,0.184,24.5,7.39,7.71,7.32,215.1,15.555,52.4,35.6,7.9,95.09
Bath and North East Somerset,E06000022,18,1.46,2.4,11.91,1.7,51.9,64.8,119,6.23,6.58,3.4,55,63,80.9,84.9,65.7,65.7,0.138,59.2,1.3,3,"30,906.00",9.1,0.096,11.2,7.29,7.57,7.28,105.7,16.763,66.7,35.6,14.6,97.83
Bristol,E06000023,24,19.65,2.1,9.71,2.5,56.4,68.4,216,10.63,12.34,4.5,49.6,61,78.5,82.7,59.8,61.5,0.103,46.4,1.1,2.9,"32,452.00",17.8,0.175,18.9,7.15,7.47,6.99,167.7,23.624,70.4,39.6,13.7,92.67
North Somerset,E06000024,11,5.36,2,9.88,2.4,40.9,59.8,80,7.05,7.21,3.6,52.3,59,80.5,84.6,61.9,68.1,0.074,60.4,1.3,4.5,"30,359.00",11.2,0.104,11.2,7.34,7.73,7.24,111,18.52,63.1,35.6,16.7,98.01
South Gloucestershire,E06000025,27,6.27,2,9.46,2.8,45.5,50.9,75,5.07,5.63,5,50.9,60,81.6,84.4,65.3,67.1,0.083,58.5,1.2,5,"31,714.00",10.2,0.087,9.3,7.52,7.67,7.31,103.5,19.871,62.7,35.6,13.2,96.44
Plymouth,E06000026,20,17.42,2,7.53,3.2,37.7,44.5,250,14.14,10.29,4.4,50.5,60,78.8,82.5,64.3,59.3,0.107,30.6,1.1,3,"25,903.00",16.8,0.153,17.2,7.55,7.75,7.44,164,18.139,63.2,35.7,18.1,96.75
Torbay,E06000027,5,3.88,3.6,8.71,2.9,30.7,45.8,169,13.46,10.77,3.6,51.3,60,78.6,82.5,63.8,61.9,0.088,35.5,1.2,2.9,"26,416.00",17.2,0.174,19.5,7.34,7.69,7.41,169.5,20.512,60.8,35.6,15.9,95.25
Swindon,E06000030,22,8.01,2,7.89,4.4,33.7,57.3,148,10.1,7.53,3.9,49.3,62,79.8,83.6,61.4,62.2,0.099,39.6,1.2,3.9,"30,662.00",13.5,0.131,14.6,7.28,7.65,7.21,131.6,19.022,64.1,36.9,11.3,95.21
Peterborough,E06000031,32,11.8,2.6,7.68,3,36,88.6,231,9.58,11.51,5.6,46.3,52,78.6,82.5,61.8,59.1,0.094,40.9,1.2,4.9,"28,646.00",23.8,0.169,20.4,7.21,7.69,7.28,164.6,26.749,52.1,33.7,10.9,95.86
Luton,E06000032,52,22.21,2.2,9.23,5.7,37.3,91.1,123,9.26,7.78,3.2,47.1,55,78.1,82.4,59.2,60,0.122,29.5,1.1,2.8,"29,258.00",27.8,0.198,19.1,7.19,7.78,7.45,153.2,30.233,52.4,35.6,8.5,94.43
Southend-on-Sea,E06000033,12,4.06,2.6,9.13,3.7,37.9,64.3,182,11.34,9.9,2.7,57.6,66,78.4,82.7,63.7,62.1,0.12,43.7,1.4,2.7,"35,588.00",14,0.153,16.8,7.32,7.66,7.33,149.6,17.644,57.5,33.4,13.9,97.41
Thurrock,E06000034,26,2.84,2.3,9.07,5.6,26.8,84.5,129,7.8,9.59,1.7,49.4,62,78.3,82.6,62.8,61.7,0.131,28,1.2,4.9,"35,027.00",15.4,0.148,15.1,7.42,7.89,7.6,138.6,24.22,50.2,27.1,12.8,98.17
Medway,E06000035,6,43.5,3.1,8.8,3.9,36.9,69,110,11.8,13.32,5.8,49.4,58,78.3,82.4,60.9,63.6,0.147,41.8,1.2,2.7,"30,981.00",19.5,0.133,17,7.47,7.81,7.31,148.1,19.252,56.6,35.6,12.4,94.02
Bracknell Forest,E06000036,21,1.36,2.8,9.92,3.4,38.8,53.3,133,5.94,5.64,2,52.8,57,81.7,85.4,66.4,66.5,0.121,43.4,1.3,3.1,"37,296.00",10.7,0.099,7.7,7.29,7.68,7.41,111.5,25.882,61.5,35.6,14.4,97.31
West Berkshire,E06000037,16,1.71,2.2,10.94,2.8,51.5,70.8,150,5.12,6.4,1.9,52.4,62,81.4,85.2,69.4,70.1,0.082,49,1.5,5.6,"34,724.00",10.2,0.076,9.3,7.34,7.61,7.23,104.6,21.001,62.6,35.6,15.6,97.26
Reading,E06000038,5,15.99,2.5,8.84,4.8,55.4,70,225,11.79,9.77,3.4,55.4,59,79,82.3,66.4,62.6,0.125,36.1,1.2,2.8,"36,500.00",15.5,0.173,13.5,7.31,7.46,7.16,147.6,27.441,65.3,35.7,17.3,95.53
Slough,E06000039,8,6.86,1.4,10.18,6.4,36.3,98.9,125,10.78,9.91,3,56.1,63,78.4,82.5,58.1,60.3,0.114,26.5,1,4.1,"34,371.00",22,0.214,12.9,7.35,7.68,7.19,160.8,36.28,48.5,30.6,6.9,93.92
Windsor and Maidenhead,E06000040,21,1.39,2.7,13.23,4.1,58.6,88.6,140,6.27,5.96,3.6,53.8,66,81.8,84.7,69.7,70.3,0.172,48.3,1.6,4.2,"38,913.00",9.6,0.079,8.5,7.5,7.74,7.39,115.1,18.834,64.1,35.6,22.2,97.11
Wokingham,E06000041,27,1.66,2,11.7,2.8,56.8,69,91,4.32,4.37,2.9,57.6,70,82.4,85.5,70.9,71.2,0.098,49.5,1.4,3.5,"38,459.00",7.6,0.056,6.1,7.33,7.63,7.29,88,22.581,64.6,42.9,17.5,99.47
Milton Keynes,E06000042,28,15.51,1.9,9.37,1.7,43.4,86.5,126,10.33,8.91,2.3,48.7,63,79.3,83.2,62.1,65.2,0.152,53.8,1.3,4.2,"33,927.00",18.1,0.131,15,7.36,7.59,7.22,146,30.625,61.4,36.1,12.6,97.81
Brighton and Hove,E06000043,25,6.86,3.6,12.57,5,57.2,121.7,165,10.15,8.84,3.5,52.5,64,79.3,83.2,65.6,65.3,0.13,29.2,1.1,2.6,"32,816.00",14.4,0.187,15.1,7.27,7.61,7.13,167.4,23.287,68.1,35.6,12,95.47
Portsmouth,E06000044,68,25.49,3.1,8.2,5.5,47.2,60.7,287,16.88,10.57,3.8,46.3,57,78.5,82.4,61.5,61.4,0.088,24.7,1,3.2,"28,827.00",21.4,0.171,22,7.42,7.61,7.51,192,21.275,59.8,32,11.3,89.4
Southampton,E06000045,18,15.05,2.7,7.51,4.8,43.7,88.4,175,17.03,11.8,4.7,46.2,62,78.3,82.5,61.4,63.1,0.131,27.5,1,2.6,"30,615.00",22.2,0.173,25.4,7.26,7.65,7.15,189.1,19.667,61.6,32.6,10.6,92.67
Isle of Wight,E06000046,34,4.47,1.8,9.5,8.3,31.1,37.4,239,10.95,7.68,4.4,47,55,79.6,83.4,61.8,62.6,0.105,53.4,1.3,3,"27,374.00",22.2,0.132,17,7.48,7.72,7.5,139.4,18.731,65.3,36.6,15.5,96.64
Durham,E06000047,29,3.41,3.6,4.42,4.4,32.4,41.6,140,8.54,14.84,5.2,50.1,65,77.7,81.2,58.8,59.9,0.116,37.3,1.6,3.9,"28,259.00",28.8,0.17,20.6,7.43,7.78,7.4,183.5,14.094,59,36.6,15.5,95.46
Cheshire East,E06000049,19,3.85,2.6,8.29,4.8,45.1,70.3,73,6.77,5.03,1.4,52.3,64,80.3,83.8,67.4,67.4,0.098,57.5,1.7,5.7,"32,103.00",11.9,0.086,10.5,7.6,7.73,7.43,126.5,19.367,67.1,35.6,18,97.8
Cheshire West and Chester,E06000050,27,5.99,2.5,6.99,2,43.6,58.5,104,9.84,7.7,2.7,51.6,59,79.7,83.4,63.1,67.9,0.137,54.5,1.5,9.8,"32,921.00",13.4,0.113,13,7.41,7.73,7.39,141.6,16.288,68.3,35.6,17.9,96.83
Shropshire,E06000051,18,14.61,2.9,8.53,2.8,41.5,43.3,64,6.91,5.74,5.9,49.9,62,80.2,83.7,62.8,67.1,0.132,53.3,1.4,4.2,"29,558.00",16.8,0.113,12.7,7.49,7.84,7.48,125.1,25.498,65.6,38,12.6,98.07
Cornwall,E06000052,26,3.98,2.5,10.74,3.6,36.4,47.5,116,8.27,7.76,4,50.1,59,79.8,83.7,63.8,66,0.105,33.3,1.3,3.6,"25,597.00",17.6,0.138,15.8,7.56,7.78,7.52,136.3,24.726,67.9,39.2,14.8,97.24
Isles of Scilly,E06000053,0,0,3.2,10.74,3.6,36.4,26.2,116,4.94,5.39,5.3,50.1,35,79.8,83.7,63.8,66,0.449,35.9,1,2.8,"25,597.00",7.9,0.05,1.1,7.43,7.74,7.35,138.9,20.576,74.6,35.6,32.2,98.04
Wiltshire,E06000054,25,7.5,2.5,9.87,2.7,45.5,49,82,7.36,6.86,5.6,51.4,59,80.9,84.5,66.5,65.2,0.101,42.3,1.3,4.1,"30,399.00",10,0.087,10.9,7.5,7.74,7.34,108.8,24.622,68.2,40.2,18.2,97.9
Bedford Borough,E06000055,27,5.26,2.6,9.67,2.5,49.5,66,179,8.36,7.97,2.4,48.6,53,79.2,83.2,62.3,59.3,0.143,40,1.3,3.6,"31,036.00",14.9,0.115,13.6,7.48,7.46,7.35,129.8,24.837,64.1,35.6,14,97.05
Central Bedfordshire,E06000056,16,1.65,2.5,9.43,1.8,41.9,56.1,90,4.81,5.47,3.3,49.2,58,80.7,84,67.9,66.3,0.078,46.1,1.3,4.4,"35,000.00",10.8,0.087,8.4,7.56,7.83,7.55,116.8,20.636,65,35.6,16.3,97.37
Northumberland,E06000057,23,7.24,3.4,6.52,5.2,35.4,37.4,89,8.41,8.5,3.4,49.8,61,79.3,82.9,61.5,62.3,0.108,33.4,1.7,1.2,"28,229.00",25.6,0.115,16.2,7.53,7.72,7.28,151,21.846,65.5,39.8,12.6,97.41
"Bournemouth, Christchurch and Poole",E06000058,4,9.63,2.8,11.3,5.5,40.2,61.3,242,9.82,9.79,3.3,54.2,60,80.3,83.7,64.9,65.2,0.113,51.3,1.2,3,"28,755.00",12.8,0.13,13.6,7.46,7.7,7.33,136,21.138,65.9,35.6,9.9,95.32
Dorset,E06000059,12,20.61,2.4,11,3.4,40.2,46.5,124,6.01,6.67,3.8,50.2,60,81.2,84.9,62.6,65.2,0.108,60.1,2.7,6.7,"30,000.00",12.3,0.087,12.3,7.76,7.98,7.66,114.4,25.219,60.5,35.6,15.8,95.96
Buckinghamshire,E06000060,28,9.38,2.6,12.33,4.1,47.5,76.2,122,5.81,5.69,5,59,63,81.5,85.1,66.8,68.6,0.115,51.2,1.6,4.2,"35,273.00",13,0.077,8.7,7.52,7.72,7.43,100.3,24.397,68.4,40.9,14,97.53
North Northamptonshire,E06000061,24,12.14,2,7.77,5,29.4,74.5,155,9.47,7.84,4.3,48.1,63,79.2,82.4,64,63.4,0.074,41.4,1.4,4.5,"29,597.00",13.8,0.12,13.4,7.43,7.74,7.35,148,21.263,57.4,37.4,14,96.33
West Northamptonshire,E06000062,25,10.26,2,9.01,3,30.3,80.5,155,10.29,8.21,4.3,51.1,63,79.8,82.8,63.8,65.2,0.103,41.4,1.4,5.1,"30,514.00",13.7,0.108,11.1,7.43,7.74,7.35,138.5,23.272,56.1,36.3,14,96.48
Cambridge,E07000008,38,3.43,2.5,12.19,2.9,63.4,65.1,115,8.64,10.05,2.7,52.7,60,80.9,84.9,64.2,67.7,0.136,53.9,1.2,3.5,"36,913.00",10.2,0.112,14.4,7.88,8.12,7.95,128.3,23.484,74.7,42,20.5,97.23
East Cambridgeshire,E07000009,22,1.45,2.9,9.84,5.3,34.9,43.4,115,3.56,4.6,2.7,52.7,63,81,84.8,64.2,67.7,0.089,56.6,1.4,13.5,"32,523.00",9.3,0.095,14.4,7.96,8.09,7.7,113.3,27.872,59.7,35.5,16.5,98.35
Fenland,E07000010,3,4.05,2.8,7.77,4.3,17.4,59.6,115,7.14,9.88,2.7,52.7,48,78.5,82.2,64.2,67.7,0.098,40.3,1.4,13.1,"27,655.00",19,0.142,14.4,7.44,7.49,7.12,157.1,23.669,47.2,29.9,13.5,96.7
Huntingdonshire,E07000011,38,5.02,2.4,9.65,2.6,37.6,52.1,115,5.07,6.1,2.7,52.7,55,81,84.1,64.2,67.7,0.112,55.2,1.4,8,"30,577.00",11.2,0.081,14.4,7.3,7.69,7.1,108.3,23.837,60.8,34.4,12.1,97.84
South Cambridgeshire,E07000012,24,4.88,2.7,9.79,4.7,62.7,64.1,115,3.46,5.29,2.7,52.7,68,83.1,85.9,64.2,67.7,0.106,53.9,1.5,6.3,"39,853.00",7.7,0.069,14.4,7.46,7.88,7.56,90.1,24.745,70.3,44.7,24.1,99.15
Allerdale,E07000026,8,5.12,3.7,4.93,4.3,33.8,37.3,144,9.36,10.74,3.3,49.4,61,78.9,82.5,61.7,65.2,0.112,36.5,1.7,5.6,"35,461.00",16.2,0.115,13.5,7.48,8.05,7.44,149.3,19.591,68.4,35.6,16.2,96.93
Barrow-in-Furness,E07000027,0,0.99,4.9,3.98,4.3,21.5,32.7,144,14.09,11.9,3.3,49.4,59,77.1,80.6,61.7,65.2,0.12,17.9,1.5,6.7,"34,664.00",18,0.147,13.5,6.89,7.18,6.85,203.9,7.484,58.4,35.6,18.7,95.34
Carlisle,E07000028,30,1.58,3.7,5.68,4.3,32.5,58.8,144,11.02,13.58,3.3,49.4,57,78.2,82.3,61.7,65.2,0.101,41.2,1.6,4,"26,396.00",16.8,0.114,13.5,7.13,7.53,7.2,167.9,17.95,60.9,32.1,12.4,96.57
Copeland,E07000029,24,2.61,3.8,3.14,4.3,33.1,30.9,144,9.61,10.02,3.3,49.4,62,77.9,81.8,61.7,65.2,0.103,34.2,1.6,2.7,"42,995.00",14.7,0.121,13.5,7.86,7.97,7.45,182.7,18.845,68.6,35.6,14.4,95.64
Eden,E07000030,14,1.27,4,7.18,4.3,33.8,48.2,144,6.29,7.26,3.3,49.4,58,82,85.9,61.7,65.2,0.186,45.5,1.9,13.6,"31,770.00",15.8,0.076,13.5,7.59,8.19,7.44,111.6,27.482,72.5,35.6,20.4,98.26
South Lakeland,E07000031,22,4.57,3.6,8.83,4.3,42.6,40.8,144,6.74,6.22,3.3,49.4,69,80.3,84.8,61.7,65.2,0.153,43.5,1.8,6.4,"30,022.00",12.4,0.074,13.5,7.79,8.01,7.72,110.8,20.428,66.8,50.6,24,98.19
Amber Valley,E07000032,15,1.66,3.2,6.46,4.2,30,41,95,6.85,7.54,2.7,49.9,63,79.7,83,61.5,62.6,0.109,31.3,1.5,4.3,"31,174.00",13.3,0.118,18.2,7.54,7.58,7.51,126.4,16.685,66.7,37.6,15.2,98.71
Bolsover,E07000033,12,0.96,3.9,5.71,4.2,41,35.9,95,9.03,9.11,2.7,49.9,56,77.7,81.7,61.5,62.6,0.148,36,1.4,10,"26,718.00",16.8,0.146,18.2,7.75,7.79,7.16,171.6,14.936,54.3,28.3,8,96.63
Chesterfield,E07000034,6,1.56,3,6.64,3.3,36.2,60.3,95,10.19,9.79,2.7,49.9,60,77.9,81.8,61.5,62.6,0.095,40.2,1.4,3.8,"26,646.00",15.6,0.15,18.2,7.14,7.9,7.51,164.5,15.129,62,34.1,9.5,95.51
Derbyshire Dales,E07000035,5,0.91,3.6,10.08,4.2,44.7,48.6,95,5.14,4.78,2.7,49.9,64,80.9,85,61.5,62.6,0.11,55.6,1.7,5.5,"28,282.00",11.2,0.076,18.2,7.67,8.02,7.4,103.1,22.875,73.5,45.5,16.4,98.08
Erewash,E07000036,18,5.6,3.3,6.11,4.2,36.7,38.5,95,7.53,8.25,2.7,49.9,59,78.9,82.8,61.5,62.6,0.104,41.8,1.4,4,"30,255.00",12.3,0.122,18.2,7.41,7.93,7.37,143.2,9.046,55.4,36.2,10.4,94.72
High Peak,E07000037,14,3.68,3,7.74,4.2,35.6,40.9,95,7.18,8.06,2.7,49.9,57,79,82.6,61.5,62.6,0.173,50.8,1.6,28.7,"28,665.00",11.6,0.108,18.2,7.45,8.03,7.37,133.6,15.569,67.1,44.1,17.8,98.1
North East Derbyshire,E07000038,20,2.15,3,7.37,4.2,43.8,49.1,95,5.89,6.55,2.7,49.9,63,79.7,82.5,61.5,62.6,0.137,39.8,1.5,4.2,"29,595.00",13.4,0.117,18.2,7.43,8.05,7.17,127.8,13.615,61.3,36.7,11.6,95.87
South Derbyshire,E07000039,24,3.83,2.6,6.72,5.1,33,41,95,5.27,5.66,2.7,49.9,59,79.3,83.2,61.5,62.6,0.073,46.1,1.3,4.7,"32,744.00",12.6,0.097,18.2,7.07,7.83,7.39,128.8,20.47,62.5,30.6,13,97.64
East Devon,E07000040,25,2.47,2.5,10.85,2.2,42.2,49,88,7,6.36,3.4,51.1,63,81.6,85.3,66.6,68.7,0.068,60,1.3,3.2,"29,274.00",12.9,0.085,12.8,7.33,7.77,7.54,107.5,18.942,64.6,37.6,14.3,98.88
Exeter,E07000041,10,12.74,2.6,9.03,2.2,48.5,55.8,88,11.06,8.6,3.4,51.1,62,79.1,84.1,66.6,68.7,0.15,27.8,1,2.8,"30,444.00",12.8,0.128,12.8,7.36,7.3,7.25,150.5,17.54,72.2,39,13.3,96.52
Mid Devon,E07000042,1,3.81,3.1,9.71,2.2,34.7,47.8,88,7,6.36,3.4,51.1,59,80.8,84.7,66.6,68.7,0.108,53.7,1.3,4.5,"27,883.00",14.6,0.103,12.8,7.56,7.87,7.83,114.3,25.493,62,38.1,16.9,96.67
North Devon,E07000043,20,15.76,2.9,10.73,2.2,36.4,38.8,88,7,6.36,3.4,51.1,58,80.4,83.9,66.6,68.7,0.163,49.4,1.3,3.4,"26,106.00",16.6,0.121,12.8,7.49,7.5,7.61,130.9,26.966,65.9,36.7,19.9,96.89
South Hams,E07000044,5,2.28,1.8,11.26,2.2,46.4,52,88,7,6.36,3.4,51.1,72,81.8,85.5,66.6,68.7,0.114,54.7,1.4,4.2,"31,341.00",13.1,0.095,12.8,8.05,8.25,7.55,98.3,22.374,68,43.5,18.6,98.34
Teignbridge,E07000045,26,1.89,2.3,10.4,2.2,31.3,57.9,88,7,6.36,3.4,51.1,65,80.3,84.9,66.6,68.7,0.111,55.9,1.3,4.1,"26,930.00",14,0.114,12.8,7.77,8.23,7.74,116.5,18.932,68.9,38.4,18.1,97.92
Torridge,E07000046,8,2.11,2.8,9.99,2.2,22,62.3,88,7,6.36,3.4,51.1,58,80.3,83.2,66.6,68.7,0.146,55.2,1.3,2.6,"26,537.00",19,0.118,12.8,8.1,8.11,8.04,123.7,28.345,60.7,37.4,18.1,97.55
West Devon,E07000047,17,0.65,2,11.33,2.2,42.3,35.9,88,7,6.36,3.4,51.1,57,80.7,83.9,66.6,68.7,0.089,55.2,1.4,4.1,"25,588.00",14.4,0.102,12.8,7.8,8.54,8.02,121.2,25.592,68.2,40.6,23.8,97.8
Eastbourne,E07000061,3,6.24,3.2,9.6,2.3,30.2,77.7,189,12.05,9.07,3.8,49.3,49,78.9,83.6,63.1,63.3,0.126,32.8,1.2,2.5,"28,864.00",18.8,0.133,15.8,7.18,7.64,7.06,168.6,22.703,65.5,36.3,11.8,96.28
Hastings,E07000062,29,12.47,3.4,10.21,4,30.7,40.5,189,13.14,13.26,3.8,49.3,52,78,81.8,63.1,63.3,0.108,30.8,1.2,2.4,"26,450.00",22.6,0.196,15.8,7.41,7.61,7.39,190.1,27.208,63.8,34.9,12.6,94.98
Lewes,E07000063,23,6.65,2.5,10.88,5.2,35.9,46.5,189,6.2,6.8,3.8,49.3,58,80.5,84.8,63.1,63.3,0.048,39.8,1.4,3.1,"34,195.00",13.7,0.101,15.8,7.69,7.91,7.67,113.2,24.272,66.9,42.5,18.6,97.41
Rother,E07000064,72,6.65,2,11.48,6.2,37.3,44.4,189,6.43,7.23,3.8,49.3,64,80.4,84.3,63.1,63.3,0.134,44.4,1.6,3.3,"30,094.00",18.5,0.104,15.8,7.63,7.89,7.4,115.1,26.617,61.6,38.6,13.5,98.01
Wealden,E07000065,44,1.23,2.6,11.97,2.3,38.6,63.7,189,4.49,4.92,3.8,49.3,62,81.6,85,63.1,63.3,0.129,48.4,1.6,3,"31,090.00",14.3,0.081,15.8,7.52,7.64,7.44,97.7,26.133,62.8,38.3,10.9,96.7
Basildon,E07000066,21,6.66,2.1,10.38,4.1,35.1,68.7,104,9.72,10.19,2.6,50.4,63,79,82.9,64.2,65.9,0.144,46.5,1.2,3.7,"32,745.00",15.5,0.146,13.7,7.63,7.82,7.2,146.8,24.425,57.4,29,11.4,96.27
Braintree,E07000067,23,1.48,2.5,9.62,5.9,25.2,55.3,104,7.63,6.61,2.6,50.4,66,80.2,83.3,64.2,65.9,0.118,45.8,1.4,3.8,"31,945.00",12.8,0.112,13.7,7.41,7.46,7.5,119.1,20.727,56.9,31.6,18.9,97.4
Brentwood,E07000068,0,0.74,3.2,14.12,5.9,33.3,84.4,104,5.81,5.68,2.6,50.4,70,80.7,84.7,64.2,65.9,0.168,41.6,1.6,5.3,"33,172.00",9.1,0.08,13.7,7.36,7.5,7.06,112.2,22.327,64.7,36.1,14.7,97.59
Castle Point,E07000069,4,0.75,2.5,10.61,9.3,32.8,51.3,104,6.59,6.43,2.6,50.4,63,79.4,83.1,64.2,65.9,0.144,48,1.4,2.9,"33,172.00",13.4,0.117,13.7,7.67,7.94,7.34,119.7,19.567,57.6,33.4,10.2,97.21
Chelmsford,E07000070,28,2.43,2.1,10.18,5.1,41.3,63.4,104,8.45,7.1,2.6,50.4,66,81.3,84.6,64.2,65.9,0.089,41.1,1.4,3.9,"37,345.00",9.5,0.083,13.7,7.43,7.65,7.42,106,25.408,62.8,33.2,17,96.93
Colchester,E07000071,15,6.47,2.3,9.65,5.9,37.7,56.8,104,10.03,9.02,2.6,50.4,61,80.3,83.6,64.2,65.9,0.081,56.9,1.3,3.3,"31,445.00",12.7,0.107,13.7,7.66,7.74,7.41,122.4,26.591,57.6,33.7,13.8,97.92
Epping Forest,E07000072,28,2.65,2.6,13.55,5,43.4,98.7,104,6.45,7.47,2.6,50.4,60,80.4,84,64.2,65.9,0.106,54,1.5,5.8,"36,691.00",12.1,0.112,13.7,7.34,7.89,7.16,115.8,23.282,62.8,32.7,11.4,96.46
Harlow,E07000073,25,4.66,2.5,10.6,5.9,23.9,76.5,104,12.09,11.72,2.6,50.4,66,78.6,82.5,64.2,65.9,0.08,41.2,1.2,3.8,"29,234.00",17.3,0.15,13.7,7.26,7.69,7.08,151.9,26.754,54.5,31.4,12.8,94.16
Maldon,E07000074,62,2.07,2.3,9.57,5.9,32.2,54.9,104,5.75,5.28,2.6,50.4,64,80.5,83.9,64.2,65.9,0.107,57.9,1.5,3.4,"36,562.00",12.3,0.096,13.7,7.04,7.57,6.75,115.8,23.099,61.2,35,15.6,97.6
Rochford,E07000075,13,1.7,2.1,9.31,5.9,31.1,53.1,104,6.03,4.54,2.6,50.4,65,81.1,84.2,64.2,65.9,0.103,58.5,1.4,2.9,"39,293.00",10.9,0.092,13.7,7.95,7.76,7.27,96.7,19.737,60.6,34,11.2,98.62
Tendring,E07000076,15,1.03,3.7,8.67,5.9,30,45.8,104,10.44,10.04,2.6,50.4,54,78.2,82,64.2,65.9,0.109,40.2,1.4,3.4,"29,994.00",16.3,0.15,13.7,7.28,7.51,7.28,170.5,19.157,53.8,31.8,12.8,92.81
Uttlesford,E07000077,3,1.23,2,11.68,5.9,55.3,77.3,104,4.09,6.33,2.6,50.4,72,82.6,85.4,64.2,65.9,0.097,49.4,1.5,6.1,"37,446.00",8.8,0.077,13.7,7.96,8.27,7.78,93,29.161,67.2,38.7,28.5,98.68
Cheltenham,E07000078,32,3.19,3.4,9.09,3.1,54.7,62.9,74,11.34,9.93,2.5,54.3,65,80,83.4,67.4,66.4,0.129,50.7,1.3,3,"34,101.00",12.1,0.099,12.4,7.53,7.43,7.32,139.9,17.268,63.3,42,19.4,98.31
Cotswold,E07000079,28,1.6,3.5,13.11,4,47.7,72.2,74,5.52,5.13,2.5,54.3,67,82.2,84.8,67.4,66.4,0.122,58.9,1.7,4.9,"31,115.00",9.4,0.076,12.4,7.7,7.94,7.72,90.5,28.298,64.2,43.1,17.5,96.08
Forest of Dean,E07000080,38,2.21,2.9,9.45,3,31.8,38.4,74,6.02,5.3,2.5,54.3,54,80.6,83.9,67.4,66.4,0.138,53.6,1.4,4,"29,108.00",15.3,0.111,12.4,7.35,7.72,7.02,117.5,22.883,62.6,37,17.5,97.32
Gloucester,E07000081,49,18.22,2.5,8.06,3.7,35.7,54.5,74,14.63,9.37,2.5,54.3,57,78.1,82.6,67.4,66.4,0.069,43.8,1.2,3.1,"27,668.00",16.3,0.132,12.4,7.16,7.55,7.11,169.8,21.975,60.8,37.2,8.4,95.26
Stroud,E07000082,31,5.26,3.1,10.44,4.8,50,51.3,74,5.78,6.1,2.5,54.3,65,80.1,83.7,67.4,66.4,0.108,59.4,1.4,4.8,"30,183.00",11.8,0.088,12.4,7.8,8.06,7.72,114.6,18.68,66.8,45.9,16.9,98.54
Tewkesbury,E07000083,21,1.09,1.9,9.23,3.6,37.8,52.2,74,5.05,4.95,2.5,54.3,63,80.7,85.4,67.4,66.4,0.062,48.6,1.3,5.7,"32,608.00",11.3,0.082,12.4,7.46,7.79,7.42,110.1,23.885,65.7,38.4,19.8,98.04
Basingstoke and Deane,E07000084,40,1.65,2.3,9.1,4.6,40.6,61.2,150,8.19,6.33,3.7,51.8,64,80.3,83.8,66.7,66.1,0.062,30.4,1.4,4.4,"36,817.00",12,0.083,11.9,7.52,7.85,7.75,110.3,23.848,67.6,35.7,21,98.16
East Hampshire,E07000085,16,1.82,2.5,12.28,3.8,39.4,67.9,150,5.98,5.72,3.7,51.8,69,81.6,84.9,66.7,66.1,0.113,36.2,1.6,3.9,"33,802.00",11.3,0.067,11.9,7.68,8.09,7.52,102.3,23.296,73.2,37.8,14.2,98.3
Eastleigh,E07000086,35,2.78,1.6,9.18,2.4,37.2,69,150,7.58,5.93,3.7,51.8,64,81.7,84.8,66.7,66.1,0.089,40.2,1.2,3.6,"34,870.00",11.7,0.081,11.9,7.56,7.68,7.55,107.8,15.604,62.2,38.2,15,96.92
Fareham,E07000087,55,2.73,2.5,8.63,3.4,44.7,51,150,7.13,4.79,3.7,51.8,69,82,84.4,66.7,66.1,0.086,35.6,1.3,3.4,"36,852.00",10.9,0.067,11.9,7.17,7.73,7.33,97.5,19.961,62.5,39.9,15.1,98.49
Gosport,E07000088,21,3.87,2.2,7.3,3.4,33.9,35.4,150,11.75,8.24,3.7,51.8,53,78.8,82.5,66.7,66.1,0.059,26.6,1.1,2.3,"31,495.00",18.8,0.105,11.9,7.53,7.59,7.58,161.3,18.61,60.2,38,14.6,97.91
Hart,E07000089,25,0.96,1.6,10.7,3.1,46.7,58.8,150,8.19,6.33,3.7,51.8,73,83,86.1,66.7,66.1,0.092,41.7,1.5,4,"40,172.00",7.2,0.054,11.9,7.58,7.87,7.77,79,19.535,68.7,41.2,18.4,98.09
Havant,E07000090,11,4.64,1.5,10.77,3.6,32.1,57.2,150,11.35,6.96,3.7,51.8,54,80.4,83.8,66.7,66.1,0.079,33,1.3,2.9,"29,041.00",20.3,0.119,11.9,7.24,7.65,7.06,131.2,18.153,61.6,30.6,15.8,95.9
New Forest,E07000091,26,5.27,2.5,11.81,4,37.3,50.8,150,6.62,7.29,3.7,51.8,67,82.5,85.5,66.7,66.1,0.083,34.1,1.5,4.1,"32,425.00",14.2,0.077,11.9,7.46,7.61,7.24,99.8,23.814,61.5,35.5,14.6,98.53
Rushmoor,E07000092,8,7.38,2.3,9.28,3.4,39.6,62.4,150,8.19,6.33,3.7,51.8,69,80.2,83.6,66.7,66.1,0.095,31.9,1.2,3.4,"35,076.00",12.7,0.204,11.9,7.62,8.07,7.48,145.5,23.201,58.6,35.1,9.8,97.89
Test Valley,E07000093,22,1.41,1.5,10.09,2.6,41.7,64.9,150,8.27,5.58,3.7,51.8,68,81.7,84.6,66.7,66.1,0.087,37.6,1.4,5.1,"33,186.00",10.9,0.073,11.9,7.11,7.11,6.87,109.5,25.394,66.9,37.3,10.8,97.92
Winchester,E07000094,15,0.69,2.3,12.77,3.4,48.7,76.5,150,6.95,6.71,3.7,51.8,70,81.9,85.7,66.7,66.1,0.151,40.5,1.5,4.9,"37,203.00",10.1,0.073,11.9,7.02,7.31,7.32,96.8,24.284,73.7,46.3,24.3,98.22
Broxbourne,E07000095,13,3.35,1.7,11.56,4,29.4,78.7,128,7.08,5.78,2.6,54.8,61,79.6,84,66.3,66.3,0.123,42.4,1.3,3.2,"34,615.00",12.7,0.123,10.4,7.62,7.86,7.53,126.8,30.803,55.3,29.7,8.9,96.67
Dacorum,E07000096,27,8.61,2.3,12.82,3.4,38.3,74.6,128,6.98,6.18,2.6,54.8,64,81.1,84,66.3,66.3,0.109,54.5,1.4,3.7,"33,924.00",10.2,0.094,10.4,7.38,7.76,7.38,120.8,22.746,64.9,35.4,17.3,97.21
Hertsmere,E07000098,4,3.31,3.1,14.88,7.1,51.1,117.6,128,7.24,6.44,2.6,54.8,66,79.5,84,66.3,66.3,0.114,44.4,1.5,5.6,"35,275.00",9.3,0.113,10.4,7.03,8.09,7.09,124.8,25.876,59,36.4,13,96.62
North Hertfordshire,E07000099,37,12.43,2.2,10.27,4.6,59.9,62.9,128,5.93,5.31,2.6,54.8,63,81.1,84.2,66.3,66.3,0.097,55.9,1.4,4,"38,477.00",10,0.092,10.4,7.44,7.83,7.36,104.2,21.441,66.7,42,14.7,98.4
Three Rivers,E07000102,145,0.91,2.1,14.25,3.4,44.9,83.6,128,5.68,4.93,2.6,54.8,70,81.2,84.3,66.3,66.3,0.096,63.1,1.6,5,"35,093.00",8,0.087,10.4,7.5,7.51,7.48,112.9,22.133,64.7,38.5,16.6,97.72
Watford,E07000103,28,1.43,2.5,12.94,5,53.4,102,128,10.16,7.68,2.6,54.8,67,79.3,82.7,66.3,66.3,0.072,50,1.2,3,"30,876.00",11.8,0.129,10.4,7.19,7.46,6.87,139.8,25.052,57.9,35.3,13.8,96.06
Ashford,E07000105,20,5.63,2.4,10.54,7.7,31.9,72.5,132,8.66,11.41,4.7,51.4,60,79.6,83.7,64.6,63.6,0.084,50.5,1.4,3.5,"29,417.00",17.2,0.114,15,7.49,7.92,7.77,124.6,28.454,60.5,30.8,9.8,97.44
Canterbury,E07000106,11,2.89,3,11.24,1.5,37.5,45.3,132,10.04,12.01,4.7,51.4,70,79.4,83.4,64.6,63.6,0.09,40.9,1.2,2.9,"30,242.00",16.4,0.114,15,7.48,7.93,7.19,144.7,23.401,65.5,35.5,12.5,97.45
Dartford,E07000107,24,4.12,2,9.66,5.1,39.9,88.6,132,9.44,11.39,4.7,51.4,65,79,82.4,64.6,63.6,0.105,24.5,1.2,4.5,"34,156.00",15.7,0.106,15,7.72,7.94,7.51,132.9,25.274,57.7,29.4,14.5,96.33
Dover,E07000108,25,5.24,3.1,9.25,5.1,34.5,50.7,132,10.39,10.86,4.7,51.4,67,79.5,82.8,64.6,63.6,0.152,47.8,1.3,3.2,"30,282.00",20.4,0.12,15,7.03,7.59,7.02,144,23.488,63.2,31.9,18.4,96.98
Gravesham,E07000109,37,7.26,2.1,10.54,5.1,31.9,70.3,132,9.44,11.39,4.7,51.4,59,79.2,83.2,64.6,63.6,0.094,43.7,1.2,3.7,"31,314.00",20.6,0.125,15,6.82,7.5,7.29,137.9,15.903,63.7,31,10.9,95.47
Maidstone,E07000110,30,4.83,1.9,10.55,7.2,43.8,84.2,132,10.33,11.95,4.7,51.4,63,80.2,83.3,64.6,63.6,0.139,49.7,1.3,3.7,"32,000.00",15.3,0.097,15,7.15,7.55,7.49,119.2,24.751,64.1,33.5,17.9,96.68
Sevenoaks,E07000111,27,5.79,2.6,11.21,4.1,46.2,73.9,132,5.42,8.44,4.7,51.4,72,82.1,84.2,64.6,63.6,0.091,36.6,1.6,5.2,"38,798.00",12.4,0.077,15,7.73,7.76,7.65,102,23.139,62.7,34.4,24,98.06
Folkestone and Hythe,E07000112,7,3.54,3.2,9.39,5.8,47.4,48.8,132,9.84,11.01,4.7,51.4,64,78.8,82.9,64.6,63.6,0.159,48.1,1.3,3.3,"31,946.00",20.5,0.139,15,7.85,7.82,7.72,156.3,23.804,59,32,11.4,96.3
Swale,E07000113,34,3.92,2.5,8.86,5.7,31.2,47.9,132,11.08,12.34,4.7,51.4,61,78.6,82.4,64.6,63.6,0.079,41.4,1.2,6.8,"31,586.00",18.8,0.136,15,7.33,7.63,7.37,148.8,24.111,58.8,31.1,14.4,95.78
Thanet,E07000114,12,3.29,3.7,10.03,7.3,35.5,54.5,132,13.53,15.6,4.7,51.4,61,77.6,82.1,64.6,63.6,0.099,35,1.3,2.7,"28,176.00",23.1,0.174,15,6.98,7.52,7.21,172.6,21.569,59.9,29.4,17.5,95.18
Tonbridge and Malling,E07000115,7,1.46,2,10.31,5.8,35.3,75.4,132,5.99,8.42,4.7,51.4,68,80.4,84.4,64.6,63.6,0.113,51.6,1.4,5.1,"36,416.00",12.5,0.087,15,7.32,7.88,7.56,109.7,23.712,65.1,37.2,21.3,98.13
Tunbridge Wells,E07000116,39,0.98,2.3,12.05,4.3,49.8,74.7,132,6.32,7.68,4.7,51.4,70,81.3,84.5,64.6,63.6,0.177,47.5,1.5,2.9,"35,735.00",11.4,0.089,15,7.53,8,7.41,110.9,20.741,70.7,42,19.7,97.6
Burnley,E07000117,48,3.66,4.6,4.04,6.1,34.2,51.8,108,15.92,17.11,3.1,50.4,52,75.7,80.3,61.4,64,0.134,33.3,1.4,4,"26,983.00",31,0.186,16.2,7.2,7.8,7.37,220.1,10.585,59,34,13.4,92.79
Chorley,E07000118,11,0.91,2.6,5.73,8,44.8,66.5,108,8.37,8.27,3.1,50.4,66,78.9,81.9,61.4,64,0.135,45.1,1.4,4.7,"33,647.00",13.2,0.116,16.2,7.9,8.22,7.96,155.7,14.278,64.7,37.1,15.2,97.15
Fylde,E07000119,16,5.54,4.2,7.21,8,39,56.2,108,5.74,7.02,3.1,50.4,67,79.9,82.9,61.4,64,0.148,44.8,1.6,5.6,"30,889.00",13,0.105,16.2,7.58,7.55,7.22,135.5,12.381,54.9,35.5,13.1,95.98
Hyndburn,E07000120,2,2.34,4,4.2,13.6,20,42,108,12.87,11.96,3.1,50.4,59,76.6,80.8,61.4,64,0.099,35.9,1.4,4.2,"26,927.00",30.8,0.184,16.2,7.3,8.06,7.19,199,7.439,57.8,35.9,8.8,93.79
Lancaster,E07000121,4,7.03,3.4,5.78,6.7,37.7,37.3,108,9.55,10.31,3.1,50.4,61,78.5,82.2,61.4,64,0.034,38.2,1.3,4.7,"31,121.00",14.9,0.142,16.2,7.74,7.86,7.23,182.4,15.182,62.2,33.4,12.9,94.14
Pendle,E07000122,6,2.16,3.7,5.66,8,21.2,59.2,108,9.54,9.08,3.1,50.4,55,78,81.5,61.4,64,0.076,32.5,1.5,3.8,"22,950.00",36.3,0.187,16.2,7.4,7.56,7.08,182.2,9.661,55.7,41.6,10.6,95.36
Preston,E07000123,48,3.01,4.3,5.65,5.7,38.6,69,108,11.21,11.31,3.1,50.4,59,76.7,80.5,61.4,64,0.111,31.9,1.3,4.5,"27,425.00",23.5,0.194,16.2,7.89,8.06,7.71,204.8,13.566,60.6,29.7,12.1,90.25
Ribble Valley,E07000124,28,3.01,2.7,7.44,8,39.5,63,108,4.58,5.03,3.1,50.4,68,81,83.8,61.4,64,0.129,34.6,1.7,12.8,"33,595.00",10.6,0.071,16.2,7.88,8.25,7.57,120.6,19.411,71.8,35.8,25.1,98.95
Rossendale,E07000125,34,1.51,3.7,5.79,8,40.3,52.2,108,9.25,9.23,3.1,50.4,60,77.9,81.2,61.4,64,0.112,34,1.5,4.5,"29,019.00",20.5,0.154,16.2,7.12,7.68,7.34,170.4,16.688,65.8,36.4,14.2,95.56
South Ribble,E07000126,9,2.92,2.6,6.4,8,35.1,58.2,108,12.4,15.16,3.1,50.4,64,79.9,83.7,61.4,64,0.144,45.5,1.4,5.5,"28,260.00",13.8,0.1,16.2,7.72,8,7.76,142.4,12.102,62.1,35.9,12.8,96.46
West Lancashire,E07000127,29,1.01,2.8,7.13,8,34.7,49.6,108,6.87,6.09,3.1,50.4,63,78.6,82.6,61.4,64,0.122,48.1,1.5,6.9,"29,454.00",15.7,0.14,16.2,7.45,7.89,7.51,149.2,19.47,59.7,35.2,17.8,92.91
Wyre,E07000128,20,0.98,1.6,5.93,8,41.8,46.2,108,7.95,7.7,3.1,50.4,63,77.8,82.3,61.4,64,0.088,44.5,1.5,5.4,"29,379.00",16.1,0.128,16.2,7.99,8,7.84,164.8,13.605,59,34.4,14.8,96.37
Blaby,E07000129,23,1.86,2.1,8.47,6.7,43,66.6,107,7.67,6.4,2.7,50.3,61,81.2,85.1,62.9,63.6,0.088,44.1,1.4,4.9,"29,137.00",11.3,0.089,10.4,7.43,7.56,7.39,101.5,13.26,58.5,30.3,15.9,98.02
Charnwood,E07000130,12,2.96,2,8.5,2.6,41.5,42.5,107,9.63,8.95,2.7,50.3,62,80.2,83.6,62.9,63.6,0.133,42.8,1.3,3.8,"29,279.00",11.6,0.102,10.4,7.58,7.92,7.42,123.3,16.539,67.8,30.9,20.2,97.21
Harborough,E07000131,24,2.64,2.7,8.89,3.2,44.4,62.7,107,6.45,6.41,2.7,50.3,64,81.2,84.4,62.9,63.6,0.094,46.9,1.5,5,"36,004.00",8.9,0.072,10.4,7.29,7.78,7.07,107.5,19.032,64.3,38,20.4,98.07
Hinckley and Bosworth,E07000132,34,3.49,2.2,7.45,3.1,31.4,46,107,8.43,8.05,2.7,50.3,60,80.4,83.6,62.9,63.6,0.097,44.8,1.4,4.6,"30,866.00",11.6,0.092,10.4,7.44,7.79,7.32,128.8,16.332,56.4,34,11.7,97.46
Melton,E07000133,29,2.96,2.4,10.91,3.8,30,47.1,107,8.79,9.32,2.7,50.3,67,80.6,84.2,62.9,63.6,0.117,43.5,1.5,4.6,"24,017.00",10.7,0.077,10.4,7.46,7.79,7.73,113.3,23.917,63.5,33.1,14.4,98.87
North West Leicestershire,E07000134,22,4.26,2.2,7.65,3.3,48.2,85.6,107,8.86,8.12,2.7,50.3,62,79.7,83.5,62.9,63.6,0.114,42.5,1.4,8.6,"31,381.00",12.2,0.097,10.4,7.54,7.76,7.67,136,16.267,59,35.1,10.9,96.89
Oadby and Wigston,E07000135,16,1.43,2.5,9.3,3.8,41.8,62,107,8.72,6.32,2.7,50.3,58,79.5,84.6,62.9,63.6,0.07,44.7,1.4,2.9,"26,346.00",13.1,0.107,10.4,7.43,7.74,7.35,129.1,16.681,54.3,34.1,9.8,96.81
Boston,E07000136,49,0.89,2.3,7.44,11.6,26.3,46.4,107,9.03,8.46,2.7,50.3,57,77.4,82.4,62.9,63.6,0.127,34.8,1.3,3.7,"24,655.00",17,0.15,10.4,7.43,7.74,7.35,168.2,20.896,48.6,26.7,9.7,94.01
East Lindsey,E07000137,18,5.6,3.5,7.5,8.8,24.4,39,106,10.24,8.41,3.2,50.5,55,78.2,81.6,62.5,60.7,0.134,39.7,1.5,5.3,"25,737.00",18.8,0.152,16.9,7.53,8.03,7.69,167.7,24.4,54.6,31.9,10.7,96.28
Lincoln,E07000138,76,12.57,3,6.63,8,35.2,38.9,106,14.78,15.69,3.2,50.5,48,76.1,80.9,62.5,60.7,0.14,34.5,1.2,2.9,"25,632.00",19.2,0.178,16.9,7.71,8.02,7.48,199.5,22.459,68.4,31.1,10.2,94
North Kesteven,E07000139,17,11.84,2.5,7.35,3.5,42.3,43,106,3.82,4.55,3.2,50.5,65,80.2,83.2,62.5,60.7,0.118,43.1,1.4,5.9,"31,291.00",11.5,0.099,16.9,7.58,7.9,7.57,122.2,19.975,58.1,31.4,10.6,98.38
South Holland,E07000140,14,6.86,2.7,7.06,8,18,48.1,106,7.09,6.29,3.2,50.5,53,80,83.4,62.5,60.7,0.104,27.3,1.4,5.4,"30,880.00",15.9,0.112,16.9,7.88,8.28,7.46,136.6,23.983,48.1,27.9,15.1,96.9
South Kesteven,E07000141,13,7.74,2.7,8.45,8,41.4,50,106,6.03,6.49,3.2,50.5,60,80.6,84.2,62.5,60.7,0.112,40.4,1.4,5.1,"28,411.00",12.3,0.094,16.9,7.51,7.57,7.74,114.6,22.907,54.7,34,14.7,98.64
West Lindsey,E07000142,6,2.51,3.2,6.6,8,33.6,43.2,106,6.48,8.6,3.2,50.5,56,79.5,83.4,62.5,60.7,0.104,42,1.5,5.2,"31,829.00",15,0.106,16.9,7.32,7.92,7.35,123.2,23.524,60.2,32.3,7.9,98.01
Breckland,E07000143,11,5.59,2.5,9.27,2.4,28.2,37.7,119,8.22,6.63,3.9,49.6,52,79.8,84,62.9,63.9,0.12,38.6,1.4,5,"26,960.00",16.1,0.109,15.6,7.79,7.94,7.73,123.1,25.799,57.9,29,20,97.58
Broadland,E07000144,35,3.39,1.7,9.05,4.3,34.2,43.5,119,5.37,5,3.9,49.6,63,81.4,85,62.9,63.9,0.099,49,1.5,4.8,"30,400.00",11.6,0.083,15.6,7.67,7.86,7.37,91.8,21.599,62.9,35.9,14.9,98.83
Great Yarmouth,E07000145,17,9.9,3.2,7.35,3.9,24.1,41.1,119,14.78,13.16,3.9,49.6,55,78.3,82.8,62.9,63.9,0.081,29.2,1.3,3.2,"27,900.00",19.6,0.17,15.6,7.2,7.55,7.4,174.5,20.752,51.6,28.5,9.2,96.02
King's Lynn and West Norfolk,E07000146,17,6.04,3.2,9.07,3.9,30,39.3,119,8.42,7.06,3.9,49.6,54,79.3,82.7,62.9,63.9,0.119,38,1.5,11.1,"28,115.00",17.1,0.124,15.6,7.69,8.06,7.64,151.2,25.552,50.2,29.3,15.1,97.46
North Norfolk,E07000147,33,4.58,2.8,10.54,3.9,32.7,32.5,119,6.38,6.2,3.9,49.6,60,80.6,84.8,62.9,63.9,0.105,40.7,1.6,5,"28,019.00",17.1,0.106,15.6,7.74,7.83,7.62,112.9,31.664,67.2,39.4,12.2,98.1
Norwich,E07000148,13,6.15,2.9,7.36,4.2,40.2,61.6,119,15.58,13.03,3.9,49.6,52,78,82.8,62.9,63.9,0.141,38.3,1.2,2.9,"29,482.00",21.9,0.202,15.6,7.19,7.59,7.08,195.1,14.13,68.7,38.5,12.8,93.96
South Norfolk,E07000149,16,3.49,1.9,8.81,4.6,36.6,47.4,119,5.34,5.6,3.9,49.6,62,81.7,84.8,62.9,63.9,0.091,41.8,1.4,5.1,"32,028.00",10.8,0.09,15.6,7.37,7.77,7.26,96.9,25.116,57.3,36.9,17.7,98.22
Craven,E07000163,2,1.02,2.6,8.85,4,55.6,44.4,157,8.32,6.62,9.8,52.5,61,80.8,85,67.3,66.4,0.052,39.9,1.8,5.3,"26,891.00",13.6,0.081,12,7.06,8,7.34,110,18.679,70.1,38.7,17.8,97.38
Hambleton,E07000164,29,1.79,3.3,9.49,4.8,40.7,44,157,8.32,6.62,9.8,52.5,62,81.3,84.8,67.3,66.4,0.109,49.9,1.8,6.9,"28,409.00",11.8,0.077,12,7.52,7.48,7.64,102.2,24.217,63.9,37.3,18.5,97.67
Harrogate,E07000165,36,2.73,3.1,9.61,1.7,50.1,59.4,157,8.32,6.62,9.8,52.5,64,80.9,85.1,67.3,66.4,0.111,42.6,1.7,5.5,"32,778.00",9.3,0.077,12,7.34,7.99,7.6,117.8,21.472,70.8,35.6,19.1,97.63
Richmondshire,E07000166,7,1.05,3.1,9.42,4,44.7,37.8,157,8.32,6.62,9.8,52.5,57,81.3,83.3,67.3,66.4,0.167,39.1,1.6,5.8,"26,798.00",12.2,0.077,12,7.36,7.49,7.26,115.3,27.967,69.3,35.6,23.2,98.49
Ryedale,E07000167,62,2.24,3.5,9.51,4,32.1,45.8,157,8.32,6.62,9.8,52.5,61,81,85.6,67.3,66.4,0.108,48.3,1.8,5.5,"26,069.00",15.8,0.092,12,7.66,7.75,7.72,117.2,26.968,59,35.6,14.6,97.94
Scarborough,E07000168,33,8.08,3.2,6.42,5.6,35.6,39.4,157,8.32,6.62,9.8,52.5,50,77.9,82.7,67.3,66.4,0.129,37.5,1.7,4.1,"28,434.00",22.3,0.144,12,7.27,7.68,7.15,178.9,19.536,64.2,35.6,13.6,96.91
Selby,E07000169,20,2.21,2.5,6.74,4,44.4,52.8,157,8.32,6.62,9.8,52.5,56,80.2,83.9,67.3,66.4,0.076,44.7,1.5,8.2,"33,062.00",14,0.092,12,7.39,7.62,7.12,116.4,19.017,57.5,35.6,14,97.91
Ashfield,E07000170,23,5.38,2.2,6.14,6,29.7,38.4,125,9.08,10.36,3.1,51.1,57,78.2,81.5,62.4,60,0.101,36.4,1.3,3.9,"27,366.00",17.4,0.144,14.4,7.57,7.58,7.36,164.4,16.32,60.9,35.8,11.4,96.62
Bassetlaw,E07000171,8,1.89,3.2,6.77,6,31.3,45.3,125,10.79,11.35,3.1,51.1,58,78.9,82,62.4,60,0.076,23.6,1.4,5.9,"29,932.00",16.4,0.118,14.4,7.28,7.67,7.29,157,20.126,55.4,33.3,22,95.84
Broxtowe,E07000172,16,1.65,2.7,6.62,6,36.9,39.9,125,7.74,8.58,3.1,51.1,65,80.1,82.6,62.4,60,0.113,37.5,1.4,5,"32,458.00",12.9,0.109,14.4,7.31,7.82,7.3,127.3,10.671,65.5,43.4,13.5,96.97
Gedling,E07000173,8,1.03,2.6,7.08,6.8,34.5,42.7,125,7.74,8.58,3.1,51.1,65,80.1,83.1,62.4,60,0.118,32.4,1.5,3.3,"30,372.00",13.1,0.105,14.4,7.13,7.78,6.51,119.8,14.746,62.8,39.3,11.3,97.97
Mansfield,E07000174,13,3.24,3.2,5.9,4.9,16.7,49.1,125,11.1,13.11,3.1,51.1,56,78,81.5,62.4,60,0.101,30.9,1.4,3.2,"27,099.00",16.5,0.147,14.4,7.41,7.89,7.7,190.4,17.628,53.4,31,8.7,96.35
Newark and Sherwood,E07000175,26,2.71,2.8,7.26,6.3,32.3,48,125,7.88,8.94,3.1,51.1,59,79.8,82.7,62.4,60,0.106,32.3,1.5,5.9,"30,437.00",14.5,0.101,14.4,7.53,7.55,7.33,132.8,20.677,65,37,13.8,97.36
Rushcliffe,E07000176,16,2.48,2.3,8.95,6,50.2,59,125,7.74,8.58,3.1,51.1,75,81.8,84.9,62.4,60,0.107,48.3,1.5,5.2,"34,425.00",7.2,0.076,14.4,7.36,7.77,7.17,98.9,15.198,67.3,45.3,19.1,99.05
Cherwell,E07000177,12,1.03,2.3,9.63,2.2,49.4,64.8,133,8,6.72,2.3,51,62,81.2,83.9,68,69.4,0.119,55.6,1.4,6.4,"34,278.00",13.1,0.088,10.5,7.45,7.67,7.41,117.4,24.32,62.3,37.5,15.3,98.07
Oxford,E07000178,22,3.7,2,12.32,6.4,66.1,47.4,133,10.12,7.71,2.3,51,54,80.1,84.5,68,69.4,0.112,52.1,1.1,3.6,"34,896.00",14.3,0.127,10.5,7.53,8.09,7.2,135.3,23.557,73.1,39.8,11.5,97.77
South Oxfordshire,E07000179,27,0.84,1.9,11.84,3.8,50.2,62,133,4.8,4.83,2.3,51,65,82.2,85.5,68,69.4,0.104,63.6,1.6,4.4,"36,732.00",8.9,0.066,10.5,7.58,7.76,7.52,92,21.535,69,41,15.7,97.51
Vale of White Horse,E07000180,42,12.55,1.8,10.43,3.8,52.9,59.3,133,4.94,5.66,2.3,51,62,82.3,85.3,68,69.4,0.065,62.6,1.4,4.8,"35,375.00",9.2,0.065,10.5,7.54,7.69,7.3,95.2,21.93,66.6,41.7,15.1,97.33
West Oxfordshire,E07000181,38,1.5,3.1,11.24,2.9,59.4,54.8,133,4.87,4.77,2.3,51,63,81.5,85.2,68,69.4,0.116,57,1.6,4.1,"32,028.00",10,0.071,10.5,7.27,7.54,7.23,99.6,22.444,68.6,40.9,21.7,95.65
Mendip,E07000187,14,3.25,2.5,10.46,3.7,45.3,51.4,74,7.26,7.95,4,49.4,59,80.8,84.3,64.2,65.7,0.095,48.7,1.3,5.2,"28,527.00",13.4,0.101,14.8,7.57,7.92,7.42,111.5,23.161,66.2,35.6,21.5,96.31
Sedgemoor,E07000188,32,10.54,3.3,8.66,4.3,32.5,50.3,74,7.26,7.95,4,49.4,56,79.7,83.7,64.2,65.7,0.13,48.7,1.3,6.1,"28,048.00",14.8,0.111,14.8,7.65,7.89,7.38,130,20.938,57,35.6,13.8,96.77
South Somerset,E07000189,17,8.67,2.8,8.62,2.3,38.9,37.7,74,7.26,7.95,4,49.4,62,80.5,84.9,64.2,65.7,0.124,48.7,1.3,4.3,"30,108.00",13.5,0.096,14.8,7.52,8.01,7.64,114.3,24.18,61.9,35.6,12.2,95.38
Cannock Chase,E07000192,22,0.21,2.3,6.4,11.4,33.4,42,91,6.4,5.36,2.1,49.3,59,78.4,82.6,63.1,60.7,0.138,42.7,1.3,3.2,"29,308.00",21.7,0.153,12.6,7.11,7.07,6.66,154,15.309,60,29.7,7.8,96.2
East Staffordshire,E07000193,17,7.24,2.8,7.44,4.5,33.6,54.5,91,6.68,5.13,2.1,49.3,62,78.2,82.5,63.1,60.7,0.149,44.1,1.4,4.8,"28,232.00",22.3,0.112,12.6,7.09,7.62,6.75,156.7,18.783,55,30.9,18.8,96.97
Lichfield,E07000194,24,2.88,2.6,7.84,3.8,45.4,51.9,91,5.01,4.26,2.1,49.3,65,80.3,83.5,63.1,60.7,0.066,45.9,1.5,5.2,"35,714.00",13.3,0.092,12.6,6.95,7.19,6.99,121.1,19.444,63.3,33.2,13.1,98.25
Newcastle-under-Lyme,E07000195,14,3.56,2.1,5.59,4.9,35.7,37.3,91,7.12,6.61,2.1,49.3,66,78.5,82.3,63.1,60.7,0.147,42.2,1.3,4.7,"29,615.00",18.8,0.119,12.6,7.76,8.28,7.92,154,13.123,59.5,30.6,12.9,96.8
South Staffordshire,E07000196,6,0.14,2.3,8.01,3.8,46,47.5,91,4,4.34,2.1,49.3,64,80.1,84.1,63.1,60.7,0.107,48.4,1.4,6.3,"33,075.00",14.6,0.104,12.6,7.7,8.07,7.29,116.1,17.309,56.2,31.7,9,97.75
Stafford,E07000197,42,1.27,2.9,7.18,2,55.6,42.4,91,5.61,5.45,2.1,49.3,67,80,84,63.1,60.7,0.102,49.6,1.4,5.4,"31,356.00",14.6,0.083,12.6,7.4,7.46,7.44,125.1,21.42,65.6,34,14.2,97.38
Staffordshire Moorlands,E07000198,10,0.41,3.3,6.4,3.9,47.9,35.6,91,6.27,5.22,2.1,49.3,63,80.1,83.2,63.1,60.7,0.122,57.7,1.5,10.1,"31,220.00",15.1,0.097,12.6,7.76,8.25,7.29,130.5,19.592,62.9,31,13.2,98.46
Tamworth,E07000199,36,1.42,2.3,7.89,3.8,32.7,41.9,91,7.44,6.06,2.1,49.3,55,78.6,82.4,63.1,60.7,0.091,38.5,1.3,2.9,"27,879.00",18.6,0.152,12.6,7.3,7.62,7.36,140.7,19.193,57,30.9,12.9,97.55
Babergh,E07000200,13,0.99,2.4,10.65,4.5,40.5,47.2,164,5.36,5.1,3.4,48.8,63,81.6,85.2,67,64.4,0.097,39.3,1.5,4.3,"30,053.00",13.5,0.088,14.3,8.03,8.16,7.81,97,27.848,67.1,38.4,19.2,98.07
Ipswich,E07000202,0,5.36,2.5,7.97,4.5,37.1,68,164,11.34,9.51,3.4,48.8,58,79.4,83,67,64.4,0.103,33,1.2,2.6,"28,222.00",22,0.15,14.3,7.12,7.53,6.81,145.4,19.255,49.4,37.5,6.8,95.09
Mid Suffolk,E07000203,14,1.84,2.2,10,4.5,39,45.7,164,4.83,4.17,3.4,48.8,57,81.4,84.8,67,64.4,0.095,39.5,1.4,4.7,"30,000.00",11.4,0.083,14.3,7.63,7.68,7.54,98.2,29.028,62.5,38.9,18.4,98.15
Elmbridge,E07000207,41,3.08,2.4,14.78,2.2,68.5,102.3,81,4.95,6.22,7.5,54.3,72,82.7,85.6,67.8,69.7,0.138,54.5,1.7,4.2,"41,943.00",6.5,0.074,8.9,7.53,7.68,7.44,91,19.823,69.3,40.4,13.1,98.58
Epsom and Ewell,E07000208,14,2.32,2.3,14.82,5.6,55.1,68.1,81,7.04,6.21,7.5,54.3,68,82.1,85.7,67.8,69.7,0.123,53.7,1.5,2.7,"35,293.00",7.3,0.072,8.9,7.35,7.7,7.13,87.3,20.907,67.6,37.2,14.6,98.52
Guildford,E07000209,0,3.19,3,12.02,3.3,61.2,60.8,81,6.12,6.24,7.5,54.3,65,82.3,85.6,67.8,69.7,0.106,58.9,1.4,4,"40,401.00",8.6,0.071,8.9,7.26,7.66,7.05,93.8,22.506,66.2,38.8,17.8,97.53
Mole Valley,E07000210,19,1.73,2.5,14.69,2.5,44.2,64.4,81,5.05,5.22,7.5,54.3,65,81.9,85.8,67.8,69.7,0.148,56.6,1.7,4.8,"38,810.00",9,0.063,8.9,7.43,7.73,7.39,93.7,23.756,70,44.1,19.2,98.62
Reigate and Banstead,E07000211,13,3.88,2.3,12.14,2.5,55.2,66.3,81,6.5,6.02,7.5,54.3,64,81.1,84.4,67.8,69.7,0.094,53.2,1.5,4.2,"37,684.00",10.3,0.076,8.9,7.18,7.79,7.23,104.2,23.293,65.8,36,15,98.89
Runnymede,E07000212,10,2.97,2.9,12.03,2.5,57.5,67.1,81,6.99,8.58,7.5,54.3,69,80.8,84.4,67.8,69.7,0.111,49,1.3,5.4,"36,627.00",11.3,0.089,8.9,7.99,8.31,7.75,116.4,27.105,64.4,33.3,10.6,98.44
Spelthorne,E07000213,4,0.79,2.6,11.07,2.5,33.5,71.2,81,7.17,8.21,7.5,54.3,62,80.4,83.9,67.8,69.7,0.11,46.4,1.3,3.6,"38,832.00",11.7,0.084,8.9,7.24,7.6,7.54,106.2,26.914,58.9,34.5,16,97.07
Surrey Heath,E07000214,12,0.56,2.7,10.78,2.5,50.6,65.2,81,6.05,5.67,7.5,54.3,68,81.7,85.1,67.8,69.7,0.146,61.3,1.6,5.1,"42,219.00",9.4,0.066,8.9,7.89,8.04,7.2,92.8,22.036,68.9,36.2,20.9,98.35
Tandridge,E07000215,38,0.93,2.4,12.62,2.5,48.6,75.6,81,5.38,8.29,7.5,54.3,69,81,84.9,67.8,69.7,0.102,59.9,1.7,5,"38,435.00",10,0.068,8.9,7.53,7.72,7.72,97.1,23.931,68.1,40.2,16.3,97.36
Waverley,E07000216,28,0.89,3.3,12.57,2.5,52.7,76.5,81,4.05,4.95,7.5,54.3,72,82.2,85.5,67.8,69.7,0.126,57,1.7,3.5,"41,377.00",7.9,0.067,8.9,7.26,7.48,7.13,90.2,19.499,70,42.1,21.1,98.22
Woking,E07000217,26,0.67,2.4,12.08,4.1,59.1,98.9,81,7.19,6.04,7.5,54.3,64,81.8,84.1,67.8,69.7,0.1,54.3,1.4,3.9,"37,142.00",11.9,0.084,8.9,7.95,7.9,8.3,101.3,23.576,65,40.1,17.8,98.42
North Warwickshire,E07000218,131,1.05,3,7.58,2.1,31.3,48.1,118,7.96,6.83,2.5,52.9,55,78.7,82,62.1,64.1,0.107,44.9,1.4,11.3,"31,332.00",17,0.113,12.8,7.38,7.87,7.43,135.4,21.346,61.7,31.4,11.4,95.2
Nuneaton and Bedworth,E07000219,28,9.37,3,6.78,2.1,35.3,48.7,118,10.12,9.53,2.5,52.9,59,77.3,81.7,62.1,64.1,0.138,38.2,1.3,3.3,"28,928.00",18,0.141,12.8,7.56,7.7,7.62,162.8,17.657,53.5,33.5,11.6,97.17
Rugby,E07000220,51,3.56,3.3,8,2.1,52.5,70.3,118,7.83,6.21,2.5,52.9,63,79.7,83.6,62.1,64.1,0.099,45,1.4,15,"33,364.00",11.3,0.097,12.8,7.72,8.09,7.3,138,21.335,62,36.1,14.7,95.55
Stratford-on-Avon,E07000221,55,1.14,3.7,10.17,2.6,48.7,69.4,118,7.7,6.78,2.5,52.9,63,81.4,85,62.1,64.1,0.121,59.4,1.6,6.2,"33,923.00",11,0.082,12.8,7.65,7.63,7.33,105.8,25.426,65.9,41.9,18.7,97.55
Warwick,E07000222,4,2.67,3.3,8.95,3.6,49.5,84.6,118,7.7,6.78,2.5,52.9,66,80.9,84.2,62.1,64.1,0.145,54.6,1.4,4.9,"36,862.00",10.2,0.096,12.8,7.56,7.69,7.37,101.6,21.527,70.6,41.6,17.2,98.27
Adur,E07000223,11,2.95,2.2,12.36,4,47.6,49.7,106,6.68,8.6,3.5,51.6,60,81.3,83.7,63.8,63.9,0.093,41.1,1.2,3.1,"31,484.00",16.9,0.118,10.5,7.57,7.95,7.05,117,17.69,62.6,37.8,13.6,97.07
Arun,E07000224,30,4.25,2.3,11.31,5.4,36.7,47.8,106,8.07,7.55,3.5,51.6,50,79.6,83.7,63.8,63.9,0.099,42.3,1.4,2.9,"28,733.00",17.2,0.108,10.5,7.64,8.07,7.58,130.3,24.554,60.4,32,11.1,97.6
Chichester,E07000225,21,5.47,1.7,13.67,4,45.6,62.6,106,6.59,7.05,3.5,51.6,52,80.6,84.5,63.8,63.9,0.107,44.5,1.6,4.2,"30,000.00",14.3,0.082,10.5,6.61,6.82,6.94,106.3,25.712,69.8,36.9,16.5,97.79
Crawley,E07000226,30,11.69,1.8,9.89,2.9,35.4,56.6,106,11.93,8.92,3.5,51.6,52,79.9,83.8,63.8,63.9,0.133,31.9,1.1,4.4,"31,335.00",20.7,0.137,10.5,7.17,7.71,7.48,145,26.824,56.6,36,12.8,97.56
Horsham,E07000227,30,2.84,2.1,11.93,3,41.2,72.6,106,5.09,6.45,3.5,51.6,57,82.2,85.1,63.8,63.9,0.082,53.5,1.5,3.4,"35,198.00",10.4,0.066,10.5,7.43,7.93,7.41,96.5,25.377,69.2,39.8,16.6,98.49
Mid Sussex,E07000228,18,3.29,2.5,11.67,2.9,56.1,72.8,106,4.79,4.78,3.5,51.6,63,81.7,84.8,63.8,63.9,0.099,41.7,1.4,3.3,"35,136.00",9,0.068,10.5,7.78,8.06,7.41,88.5,19.913,70.9,38.6,18.8,98.27
Worthing,E07000229,23,4.05,2.5,10.99,6.9,40.7,53.2,106,8.52,8.89,3.5,51.6,53,79.6,83,63.8,63.9,0.108,41.5,1.2,2.5,"30,358.00",15.6,0.115,10.5,7.26,7.72,6.82,126.8,15.978,64,36.6,11.1,96.59
Bromsgrove,E07000234,17,2.5,2.5,9.31,3.8,48.3,206.3,56,8.44,6.83,3.2,49.6,67,80.9,84.2,65.3,66.2,0.139,41.6,1.5,5.5,"34,490.00",11.2,0.082,13.7,7.51,7.79,7.01,105.4,19.198,66.6,37.9,15.5,97.96
Malvern Hills,E07000235,49,2.51,3.1,10.26,6.1,54.5,51.6,56,8.44,6.83,3.2,49.6,61,81.2,83.7,65.3,66.2,0.076,42.3,1.5,4.8,"31,181.00",14.5,0.091,13.7,7.38,7.57,7.66,103.5,27.492,59.2,39.8,16.6,98.66
Redditch,E07000236,39,2.5,2.1,9.24,3,31.1,52,56,8.44,6.83,3.2,49.6,48,78.9,82.4,65.3,66.2,0.082,27.5,1.2,3.2,"25,960.00",19,0.141,13.7,6.98,7.41,7.29,141.4,29.861,50.7,32.4,9.4,95.81
Worcester,E07000237,58,3.04,2.7,7.67,3,44.5,61.7,56,8.44,6.83,3.2,49.6,60,79.2,82.5,65.3,66.2,0.11,35.3,1.2,3,"29,984.00",20.2,0.128,13.7,7.19,7.68,7.51,139.9,19.851,60.1,36.7,9.7,97.5
Wychavon,E07000238,56,1.96,2.5,10.64,2.8,46,55.6,56,8.44,6.83,3.2,49.6,53,81,84.5,65.3,66.2,0.092,44.7,1.4,6,"28,189.00",14.2,0.092,13.7,7.6,7.85,7.5,116.9,27.306,61.9,35.7,18.4,98.54
Wyre Forest,E07000239,35,2.5,2.7,7.48,3,36.2,73.4,56,8.44,6.83,3.2,49.6,57,78.7,83,65.3,66.2,0.069,33.6,1.4,3.4,"29,010.00",20,0.123,13.7,7.64,7.81,7.07,150.3,23.971,59.4,32.3,15.9,97.38
St Albans,E07000240,31,1.07,2.6,12.79,2.4,65.8,84.9,128,6.35,4.84,2.6,54.8,70,81.8,85.4,66.3,66.3,0.1,64.2,1.5,5.4,"45,727.00",6.9,0.073,10.4,7.4,7.55,7.37,98.9,22.153,68.3,45.1,19.8,98.72
Welwyn Hatfield,E07000241,102,3.35,2.4,13.28,6.1,46.1,62.7,128,7.88,6.88,2.6,54.8,61,80.6,83.8,66.3,66.3,0.065,47.6,1.3,4.2,"31,635.00",10.1,0.103,10.4,7.47,7.57,7.35,129.1,26.247,57,35.4,18.3,96.68
East Hertfordshire,E07000242,27,5.38,1.9,11.06,2.1,49.8,73,128,6.23,5.67,2.6,54.8,68,81.6,85,66.3,66.3,0.086,49,1.4,3.7,"38,763.00",7.4,0.08,10.4,7.25,7.73,7.57,93,20.16,71.4,35.5,16.7,98.04
Stevenage,E07000243,60,4.43,1.7,10.97,5.1,42.8,55.2,128,10.96,9.32,2.6,54.8,62,79.5,82.8,66.3,66.3,0.091,40.2,1.1,3.8,"27,449.00",14.1,0.135,10.4,7.28,7.46,6.58,142.4,24.367,57.9,35.5,10.1,94.61
East Suffolk,E07000244,23,16.16,2.9,9.5,2.4,39.4,44.3,164,6.83,7.58,3.4,48.8,57,80.4,83.8,67,64.4,0.096,39.9,1.4,3.9,"28,968.00",14.2,0.105,14.3,7.66,7.84,7.51,120.6,20.053,62.1,36.9,17.4,97.87
West Suffolk,E07000245,47,5.57,2.7,9.34,2.3,28.7,52.3,164,8.31,6.91,3.4,48.8,57,81,84.3,67,64.4,0.102,38.2,1.4,7.8,"29,436.00",10.9,0.097,14.3,7.61,7.77,7.36,117.2,31.61,58.6,34.6,10.4,97.3
Somerset West and Taunton,E07000246,26,10.1,3.2,9.07,2.5,37.1,52.8,74,7.26,7.95,4,49.4,59,80,83.9,64.2,65.7,0.135,48.7,1.3,3.6,"28,672.00",13.9,0.109,14.8,7.65,7.87,7.49,126.3,25.368,66.3,35.6,17.2,97.51
Bolton,E08000001,10,5.66,2.9,5.93,4.6,33.1,75.1,131,12.32,11.38,3.5,48.9,61,77.3,81.1,60.3,62.4,0.139,48.1,1.3,3.8,"26,965.00",31.5,0.191,19.8,7.38,7.64,7.26,184.6,14.162,54.7,36.4,12.7,93.99
Bury,E08000002,15,4.9,2.9,6.62,4.3,42.8,68.4,115,9.33,10.38,2.2,49.4,63,78.4,82,63.4,62.2,0.136,50.5,1.4,4,"31,341.00",21.5,0.145,16.9,7.32,7.74,7.31,159.4,15.122,62,40.7,12.2,95.77
Manchester,E08000003,10,169.78,1.7,7.64,9.2,44.9,104.5,256,13.85,14.18,4.6,47.7,60,75.5,79.9,61.2,59.7,0.158,36.6,1,3.3,"27,502.00",32.5,0.336,31.7,7.12,7.53,7.12,237.4,25.867,60.6,29.4,11.3,89.81
Oldham,E08000004,33,12.65,2.8,5.98,4.2,29.6,67.5,194,11.12,12.12,4.5,46.2,57,77.2,80.5,56.6,58.2,0.093,36.7,1.2,2.9,"27,594.00",36.2,0.187,23.1,7.35,7.72,7.33,204,11.841,56.1,37.8,10.9,94.16
Rochdale,E08000005,20,13.12,3.2,6.41,4.3,31.4,56,191,11.93,11.72,3.7,46.2,56,76.7,80.9,57.4,58.5,0.152,48,1.3,3.9,"25,742.00",28.6,0.203,22.5,7.19,7.56,7.03,207.1,18.234,54.2,34.3,10.3,93.48
Salford,E08000006,10,45.69,2.7,7.03,4.9,42.5,93.8,149,10.1,11.53,3.9,45.1,61,77.1,80.5,58.7,57.4,0.122,47.2,1.2,4.2,"28,081.00",22,0.218,25.6,7.35,7.76,7.29,213,18.988,56,28.8,9.4,91.85
Stockport,E08000007,34,4.17,2.9,8.95,5.7,46.5,61.7,121,7.77,8.71,2.6,52.7,64,79.4,83.2,65.1,62.2,0.126,55,1.5,3.6,"30,724.00",14.2,0.129,13.7,7.54,7.78,7.34,150.2,13.719,63.2,40,12.2,97.46
Tameside,E08000008,15,2.7,2.3,6.17,3.4,26.6,47.5,152,11.07,11.39,4,48.5,60,76.9,80.1,61.6,58.2,0.119,47.2,1.3,3.3,"27,706.00",22.3,0.177,21.5,7.43,7.79,7.13,211.4,15.518,55.7,32.2,8.1,94.03
Trafford,E08000009,3,1.22,2.6,9.3,3.8,54.8,89.1,81,6.43,7.11,2.2,60.2,72,80.2,83.8,66.3,66.9,0.122,53.3,1.4,5.8,"34,936.00",11.4,0.13,11.1,7.29,7.52,7.06,139.9,13.794,63.1,44.3,12.3,97.52
Wigan,E08000010,26,19.8,3,5.11,4.4,31,51,137,9.7,13.04,3.1,49.7,66,77.5,81.2,59.2,61.4,0.124,53.2,1.3,3.5,"30,809.00",18.2,0.16,18,7.22,7.71,7.23,183.7,12.808,57.7,29.8,10.6,95.12
Knowsley,E08000011,22,11.11,3.1,5.14,2.7,30.8,45.8,168,8.95,10.91,5.9,37.8,58,76.3,79.8,58.7,60,0.125,28.7,1.2,4.7,"29,493.00",20.8,0.294,27.9,7.3,7.65,7.2,226.7,18.365,48,24,8.3,89.27
Liverpool,E08000012,15,21.46,4.7,5.17,4.3,44,67,128,14.45,12.74,5.4,47.4,58,76.1,79.9,58.3,57.9,0.174,23.5,1.2,3.3,"30,000.00",24.4,0.3,23.7,7.11,7.44,7.13,228.7,14.926,57.7,29.8,12.8,83.91
St. Helens,E08000013,45,3.24,3.1,5.21,2.8,39,56.8,98,10.83,11.8,3.2,48.2,58,77.5,81,59.3,61.9,0.133,31.4,1.3,5.8,"29,355.00",17.9,0.168,16.7,7.16,7.63,7.05,186.9,12.704,60.9,27.6,16.2,94.12
Sefton,E08000014,18,8.61,3.9,6.54,4.6,39.1,51.2,94,9.11,8.74,2.6,49.4,64,78,82.4,63.6,63.8,0.156,34.8,1.4,4,"30,585.00",16,0.169,16.6,7.32,7.73,7.21,159.9,10.865,59.9,31.5,11.1,94.82
Wirral,E08000015,49,9.59,3.2,6.58,3.5,38,53.9,114,8.38,10.32,3.1,51.9,57,77.8,81.6,60.8,63.1,0.148,31.9,1.4,3.4,"29,653.00",15.7,0.166,21.3,7.1,7.59,6.96,172.6,10.343,59.6,35.7,14.9,94.43
Barnsley,E08000016,39,19.53,2.6,5.12,4.4,31.1,49.3,182,11.25,13.51,3.2,46.3,59,77.1,81.1,55.9,60.1,0.113,43.2,1.3,4.4,"27,723.00",24.2,0.163,19.3,7.34,7.84,7.37,178.6,10.589,56.2,28.9,6.8,96.77
Doncaster,E08000017,16,22.35,3,5.22,5.6,27.1,70.2,138,13.43,14.24,3.5,47,54,77.8,81,57.4,56.1,0.106,43.4,1.3,5.4,"28,761.00",26.1,0.159,19.2,7.15,7.77,7.23,179.8,16.173,53.4,26.8,10.5,94.56
Rotherham,E08000018,42,19.53,2.6,5.88,5.1,32,53.1,183,9.86,11.69,3.1,48.7,61,77.5,81,58.7,56.5,0.113,43.3,1.3,5,"27,583.00",25.7,0.164,18.5,7.48,7.96,7.26,179,13.09,56.3,30.4,10.7,97.42
Sheffield,E08000019,11,35.54,2.5,5.94,7.8,45,46.2,172,9.79,10.86,4.8,48.1,60,78.6,82.4,62.5,64.3,0.153,32.2,1.2,3.4,"30,625.00",26.4,0.181,21.9,7.13,7.39,6.9,157,17.196,64.1,34.6,11.7,90.93
Newcastle upon Tyne,E08000021,22,23.1,3.3,6.01,6.6,44,49.7,180,14.86,10.96,5.2,47.4,63,77.3,81.6,60.8,60.7,0.098,40.6,1.2,3.5,"30,264.00",32.2,0.218,26.2,7.29,7.63,7.29,198.8,17.401,62.5,38.8,12.4,96.76
North Tyneside,E08000022,17,8.5,2.9,6.13,6.3,40.9,42.3,111,9.34,9.96,2.8,50.3,66,78.3,82.2,61.6,57.2,0.12,36.2,1.4,3.7,"29,029.00",23.9,0.16,17,7.34,7.74,7.25,175.7,15.238,61,39.3,9.4,94.79
South Tyneside,E08000023,20,19.53,2.9,5.3,6.8,29.5,42.3,111,11.16,11.51,4.4,46,65,76.4,81.2,57.3,58.9,0.119,30.8,1.4,2.9,"27,356.00",31.1,0.214,24.2,7.29,7.64,7.29,213.1,15.787,57.9,35.3,13.8,92.95
Sunderland,E08000024,30,8.18,3.6,5.29,6.2,24.7,47.6,105,11.66,13.26,3.4,49.2,68,76.6,80.9,56.1,56.9,0.126,28.1,1.4,3.7,"24,961.00",30.8,0.217,23.2,7.3,7.6,7.1,206.4,13.346,55.7,33.9,9.1,92.25
Birmingham,E08000025,14,28.97,2.8,7.14,7.7,40.4,78.1,158,15.91,10.64,4.4,50.1,57,77.1,81.8,59.2,60.2,0.137,22.5,1.2,3.3,"28,998.00",35.6,0.258,30.2,7.2,7.7,7.16,177.8,31.628,54.5,33,11,92.89
Coventry,E08000026,28,27.21,2.8,6.5,7.3,40.4,51.4,138,11.07,9.44,2,48,58,78,82,61.1,64,0.119,34,1.1,3,"30,763.00",22.9,0.19,18.1,7.4,7.77,7.38,169.6,21.224,55.2,31.9,13,94.05
Dudley,E08000027,22,17.62,2.5,6.73,4.2,35,45.4,163,11.18,9.05,3.3,47.6,55,78.8,82.2,62.9,62.7,0.124,36.9,1.3,3.1,"29,438.00",24.8,0.162,18.8,7.43,7.68,7.13,156.9,12.587,53.3,34,10.3,96.02
Sandwell,E08000028,41,17.62,3.2,6.38,6.9,27.5,75.1,164,13.24,9.8,1.9,46.9,58,76.1,80.7,61.6,60.5,0.125,30.6,1.2,3.8,"26,630.00",32.7,0.26,21.6,7.32,7.61,7.07,187.4,20.866,53.8,28.7,7.4,96.44
Solihull,E08000029,46,7.04,1.4,9.15,4.9,43.5,54.9,91,8.21,6.57,2.8,51,65,80.4,84,67.4,65.7,0.115,37.7,1.4,4.8,"35,516.00",13.2,0.111,15.8,7.47,7.63,7.35,128.3,21.459,66,37.6,16.5,97.88
Walsall,E08000030,4,2.53,2.5,6.49,5.7,26.8,52.8,195,12.74,10.79,1.9,47.5,53,77.5,81.7,59,58.4,0.143,32.2,1.2,3.3,"28,515.00",30.8,0.212,23.6,7.35,7.71,7.3,182.3,18.097,48.5,30.8,5.2,92.42
Wolverhampton,E08000031,57,22.33,3.1,6.36,6.2,35.4,60,158,15.04,11.16,2,50,60,76.6,81.3,60,59.3,0.136,35.3,1.3,3.2,"27,503.00",29.1,0.225,27,7.47,7.75,7.29,181,20.63,55.1,32.3,7.7,91.91
Bradford,E08000032,21,13.51,3.6,5.42,5,36.1,54.9,191,13.14,13.97,4.5,45.9,57,77.3,81.5,60.9,63.4,0.092,37.8,1.3,3.4,"28,421.00",38,0.208,20.8,7.28,7.63,7.05,176.7,16.485,56.8,36.9,12.6,94.37
Calderdale,E08000033,11,2.7,3.5,5.81,4.2,39.2,54.3,328,12.48,11.49,2.4,52.2,58,78.6,82.5,59,63.4,0.099,53.5,1.5,4.2,"27,899.00",24.2,0.14,18.5,7.4,7.75,7.32,167.5,12.989,61.4,40.4,19.1,95.67
Kirklees,E08000034,9,10.93,3.3,6.26,3.3,35.3,63.5,166,9.94,9.96,2,49.5,57,78.4,82.2,62.8,61.2,0.125,25,1.4,3.8,"27,968.00",28.2,0.149,20.3,7.2,7.43,7.11,160.1,18.323,60.2,37.9,12.6,95.78
Leeds,E08000035,20,41.74,3,7.06,4,45.8,64.5,223,12.77,12.56,6,49.2,56,77.8,81.8,61.4,63.9,0.131,35.1,1.3,4.3,"30,889.00",24.6,0.156,19.5,7.28,7.71,7.19,175.6,15.464,65.3,37.2,13.5,94.55
Wakefield,E08000036,16,7.76,2.9,6.01,4.2,25.7,47.2,209,11.89,11.8,2.7,50.1,57,77.3,81.4,58,56.7,0.102,49.2,1.3,4.8,"28,166.00",21.7,0.145,17.3,7.28,7.63,7.21,187.8,15.797,63,30.4,10.4,94.55
Gateshead,E08000037,13,9.64,3.4,5.46,6.1,36.6,43.7,119,10.24,10.66,4.1,51.3,68,77.4,81.6,57.9,58.5,0.134,32.3,1.4,4.5,"26,937.00",28.9,0.194,19.9,7.28,7.47,7.11,202.6,17.644,58.9,35.8,9.6,94.51
City of London,E09000001,2,0.12,4.3,14.56,5.45,94.4,"3,607.30",184,37.12,24.78,1.2,54.2,88,80.3,84.4,64,64.8,0.823,30.3,0.9,45.5,"37,879.94",3.3,0.083,7.2,7.27,7.61,7.25,129.20,35.656,47.8,41.3,14.5,96.27
Barking and Dagenham,E09000002,56,8.57,1.6,10.17,3.1,37,104.8,256,9.81,7.06,2.4,50.5,63,77,81.7,58.1,60.1,0.154,26.9,0.9,2.4,"32,931.00",25.3,0.261,21.6,7.35,7.84,7.87,171.9,46.252,50.3,29.5,7.8,93.64
Barnet,E09000003,30,17.18,2.3,16.1,9.3,56.1,147.6,157,5.62,4.64,0.8,60.8,69,82,85.5,62.9,67.1,0.155,28.9,1.3,2.8,"35,716.00",12.6,0.163,14.8,7.3,7.58,7.23,89.4,31.211,62.6,46.9,11.6,94.47
Bexley,E09000004,24,21.3,1.5,10.51,6,42.3,62.5,169,7.13,5.87,2,54,65,79.9,83.8,66.4,63.9,0.084,50,1.2,3,"37,572.00",14.5,0.109,14.2,7.53,7.81,7.42,129.5,25.879,54.5,40.2,10.3,95.38
Brent,E09000005,33,17.88,1.8,15.97,10.3,51,110.6,188,9.08,6.19,2.2,53.7,61,80.4,85,62.6,68.6,0.153,33.4,1.1,2.7,"33,805.00",18.9,0.258,16.1,7.25,7.46,7.28,115.9,42.783,54.1,38.4,11.5,92.15
Bromley,E09000006,4,9.9,2.2,12.14,5.5,57.9,73.4,121,6.33,5.7,1.4,55.2,76,81.3,84.8,67.4,67.6,0.138,44.8,1.5,2.8,"41,170.00",10.8,0.101,12.4,7.49,7.66,7.54,101.3,27.839,67.2,43.9,15.8,96.89
Camden,E09000007,25,9.33,4.3,19.13,5.2,66.8,263.2,150,7.87,5.91,2.5,53.1,67,83.1,87.7,64.6,66.8,0.193,28.6,0.9,3.1,"39,994.00",13.3,0.232,28.7,6.78,7.27,6.93,130.6,21.611,68.8,39.3,8.4,94.15
Croydon,E09000008,17,33.92,2.5,11.42,4.5,49.7,77.8,285,9.59,6.53,3.5,50,64,79.7,83.7,63.2,62.4,0.129,41.3,1.3,2.6,"36,347.00",15.6,0.156,24.2,7.51,7.6,7.38,123.2,33.996,57.7,39.7,12.4,95.78
Ealing,E09000009,41,22.86,1.8,15.36,8.3,65.7,105.9,157,8.44,6.18,2.9,53.6,65,79.9,84.1,61.4,65.3,0.244,49,1.2,3,"34,190.00",17,0.223,19.4,7.21,7.64,7.32,133.6,36.52,58.8,44.6,10.3,95.83
Enfield,E09000010,34,16.67,2.4,12.93,6.2,49.2,107.7,240,8.38,6.09,3.2,51.1,61,80,84.2,64.3,62.1,0.099,33.2,1.2,3,"35,586.00",15.9,0.21,23.1,6.86,7.62,6.96,115.3,39.666,58.7,42.9,8,93.73
Greenwich,E09000011,24,22.27,1.5,12.92,8.6,58.2,80,360,10.23,6.94,3.1,51.2,71,79.2,82.8,60.1,67.2,0.118,31.5,1,2.6,"35,598.00",19.8,0.234,19.8,7.22,7.64,7.42,146.4,32.314,65.5,38.1,9.2,94
Hackney,E09000012,45,31.64,2.3,15.96,4.1,71.1,213.5,218,9.62,6.1,3.4,54,72,79.3,83.7,60.2,61.5,0.149,28.1,0.9,2,"36,351.00",21.3,0.407,30.6,6.94,7.6,6.97,152.1,42.745,68.4,36.9,5.1,63.78
Hammersmith and Fulham,E09000013,1,10.86,0.8,19.12,5.2,74.4,128.7,122,9.74,6.91,1.7,58.1,74,79,83.9,66.1,62.6,0.212,27.5,1.2,3.1,"39,430.00",12.1,0.256,21.9,7.49,7.81,7.57,155.4,28.264,73.4,42.2,7.3,93.91
Haringey,E09000014,18,16.02,2.2,15.33,3.2,56.2,105.7,175,9.96,6.5,5.1,51.4,65,79.6,84.4,62.6,65,0.139,31,1.1,2.3,"35,963.00",17.2,0.299,20.3,7.17,7.58,7.09,126.9,35.08,64.7,40.4,9.1,94.63
Harrow,E09000015,7,5.94,2.9,13.91,6.8,57.7,125.9,162,5.61,4.03,2.6,54.8,70,82.2,85.7,64.8,60.9,0.139,35.8,1.3,2.4,"38,827.00",17,0.173,13.9,7.37,7.65,7.38,88.7,33.882,58.5,43.6,10.3,96.72
Havering,E09000016,69,12.62,2,11.15,5.4,37.1,82.4,151,7.58,5.29,2.4,52.2,72,79.7,83.5,64.6,63.8,0.138,34.7,1.3,3.2,"35,885.00",16.1,0.117,14.3,7.54,7.99,7.48,126.6,22.713,53.4,41.2,11.1,96.43
Hillingdon,E09000017,23,17.32,1.9,12.96,7.5,49.7,102.5,111,7.45,5.54,1,52.8,64,79.7,83.7,65,63.4,0.149,37.3,1.2,4.1,"35,695.00",16.6,0.145,14.6,7.1,7.78,7.2,136.8,29.628,54.2,40.6,13.2,96.39
Hounslow,E09000018,9,16.02,2.7,14.15,3.9,56.8,97.9,131,8.96,6.27,2.2,53.9,66,79.4,83.7,62.1,62.6,0.129,35.4,1.1,3.2,"32,516.00",18,0.197,17.9,7.55,7.64,7.33,134.4,35.101,53.7,38.4,14,96.37
Islington,E09000019,85,17.57,2.3,14.61,3.1,67.5,192.9,205,9.27,6.24,2.4,52.2,66,79.5,83.2,63,63.8,0.125,31.3,0.9,2.3,"42,786.00",16.8,0.336,28.6,6.99,7.32,6.84,170.1,28.204,72.8,40.5,12.9,94.1
Kensington and Chelsea,E09000020,36,9.26,3.1,24.78,4.7,63.8,154.7,139,8.66,6.56,3.7,57.9,76,84.2,87.9,67.4,70,0.465,24.2,1.4,4.2,"50,337.00",7.5,0.199,24.4,7.31,7.59,7.25,110.7,36.056,66.8,43.2,7.8,95.3
Kingston upon Thames,E09000021,8,3.87,2.6,13.38,3,65.2,103.5,70,6.89,4.99,1.6,61.4,65,81.7,85.2,69.4,69.6,0.1,47.6,1.2,3,"40,572.00",8.8,0.117,10.1,7.23,7.62,7.24,109.7,24.744,66.5,50.6,9.4,98.23
Lambeth,E09000022,32,48.13,1.6,13.75,4.8,75.7,82.5,226,10.91,6.7,4,51.3,70,78.6,83.9,60.9,59.5,0.137,36.4,1.1,2.5,"40,511.00",17.9,0.302,28.2,7.28,7.51,7.2,165.6,28.43,71.7,35.8,11.9,93.16
Lewisham,E09000023,35,31.54,2.3,13.43,3.1,66,68.3,202,8.76,6.98,2.2,49.1,62,78.8,83.2,64.6,63.2,0.102,28.4,1.1,2.3,"35,365.00",17.6,0.24,19.9,7.09,7.52,7.15,152,34.751,68,37.6,8.2,92.4
Merton,E09000024,31,4.05,2.2,15.97,4,67.1,103.1,153,6.24,4.74,1.2,53.2,66,80.3,84.1,66.6,67.1,0.155,40.8,1.3,2.7,"34,127.00",14.4,0.151,16.7,7.33,7.64,7.22,114.8,22.234,66.4,44.3,8.2,96.65
Newham,E09000025,69,16.62,3.4,12.4,4.1,57.6,107.6,335,9.21,6.1,3.3,54.5,70,79,83.1,59.5,64.6,0.121,20.9,0.8,2.5,"34,869.00",25.1,0.373,22.5,7.51,7.76,7.5,137.9,49.306,56,35.9,8.1,89.41
Redbridge,E09000026,3,12.31,1.8,13.23,8.5,51.8,119.4,184,7.58,5.17,2.8,56.8,67,80.5,84.6,60.6,64,0.15,25.4,1.1,2.4,"37,118.00",18.3,0.195,12.1,7.41,7.66,7.21,100.2,27.979,52.8,41,9,96.6
Richmond upon Thames,E09000027,3,6.56,1.7,16.61,4.2,70,106.8,184,4.65,4.67,1.5,58.1,76,82.2,86.4,70.2,68.9,0.187,40.4,1.4,2.9,"42,151.00",6.2,0.094,9.9,7.41,7.49,7.17,106.6,17.494,72.2,55,19.1,98.07
Southwark,E09000028,51,20.68,3,14.68,4.8,57.1,96.2,209,9.49,5.87,3.8,55,64,79.6,84.1,63.4,62,0.112,32.5,0.9,2.6,"38,030.00",17.3,0.312,31.1,7.17,7.34,7,155.9,32.727,70.5,35.9,13.8,91.92
Sutton,E09000029,31,3.89,2.8,11.93,5.2,53.4,68,116,6.7,5.23,1.3,62,72,80.3,84,66.3,68.5,0.12,46.1,1.2,2.6,"36,459.00",11.7,0.114,11.1,7.36,7.67,7.32,120.9,22.792,57.2,44.2,13.9,98.1
Tower Hamlets,E09000030,25,16.02,2.8,13.03,5.3,52,112.8,265,9.06,6.49,3.6,51.7,68,79.9,83.3,65.3,57.8,0.133,19.3,0.6,3.1,"40,533.00",25.3,0.439,31.3,7.13,7.64,7.14,153.6,30.491,59.1,41.2,8.8,91.24
Waltham Forest,E09000031,42,9.62,2,13.99,6.3,60.3,105.4,208,7.43,5.57,1.8,51.5,68,79.8,84.5,63.2,68,0.141,31.9,1,2.2,"36,096.00",21.8,0.228,19.4,7.3,7.7,7.3,122.1,36.465,57.8,40.5,6.8,94.91
Wandsworth,E09000032,30,10.84,0.7,14.66,3.7,70.3,90.2,156,7.75,5.12,4.4,52.2,69,80,84.3,65.4,70.1,0.14,24.2,1.2,2.4,"43,651.00",11.8,0.21,20.2,7.34,7.42,6.97,138.1,26.981,74.4,46.9,7.3,95.92
Westminster,E09000033,51,11.41,1.3,20.37,6.4,68.9,368.3,69,15.06,8.55,2.4,57.6,68,84.7,87.1,66.3,65.2,0.334,23.9,1,5.2,"41,977.00",8.8,0.226,27.6,7.21,7.58,7.27,97.7,23.114,63.5,41.5,10.7,91.5
Cambridgeshire,E10000003,27,4.22,2.6,9.61,3.8,45.6,57.5,115,5.47,7.03,2.7,52.7,59,81.1,84.5,64.2,67.7,0.11,53.9,1.4,8.3,"33,286.00",11,0.096,14.4,7.56,7.84,7.46,115,24.515,63.5,37.8,17.5,98
Cumbria,E10000006,19,8.95,3.9,5.62,2.6,33.5,42.4,144,9.53,10.1,3.3,49.4,61,79,82.9,61.7,65.2,0.126,47.9,1.7,6,"32,007.00",15.6,0.105,13.5,7.45,7.82,7.37,151.6,18.494,65.6,35.6,17.6,97.01
Derbyshire,E10000007,16,9.07,3.2,6.83,2.6,36.9,44.4,95,7.15,7.52,2.7,49.9,60,79.2,82.8,61.5,62.6,0.116,45.1,1.5,7.7,"29,596.00",13.4,0.117,18.2,7.42,7.88,7.37,136.6,15.702,62.7,36.5,12.7,96.98
Devon,E10000008,16,3.98,2.5,10.35,1.3,38.9,50.8,88,7,6.36,3.4,51.1,62,80.7,84.6,66.6,68.7,0.117,55.3,1.3,3.6,"28,010.00",14.4,0.106,12.8,7.63,7.88,7.64,119.3,22.02,66.8,38.7,17.1,97.71
East Sussex,E10000011,36,6.86,2.7,10.66,3.3,34.9,55.9,189,11.3,11.41,3.8,49.3,57,80.1,84.1,63.1,63.3,0.111,41.5,1.4,2.9,"30,949.00",17.2,0.114,15.8,7.49,7.73,7.4,129.9,25.41,64,38.2,13.2,96.78
Essex,E10000012,22,6.86,2.5,10.55,3.5,35.4,64.6,104,8.19,7.89,2.6,50.4,63,80.1,83.6,64.2,65.9,0.11,49.8,1.4,4,"33,172.00",12.8,0.113,13.7,7.51,7.72,7.3,124.8,23.487,59.3,32.9,14.7,96.75
Gloucestershire,E10000013,33,3.98,2.9,9.53,3,43.4,55.4,74,9.5,7.89,2.5,54.3,62,80.2,83.9,67.4,66.4,0.103,50.6,1.4,4.2,"31,260.00",12.9,0.098,12.4,7.5,7.74,7.38,124.5,21.732,63.8,40.8,16.3,97.3
Hampshire,E10000014,26,6.86,2.1,10.08,2.8,40.1,60,150,8.19,6.33,3.7,51.8,66,81.4,84.6,66.7,66.1,0.09,37.6,1.4,3.9,"34,736.00",12.6,0.086,11.9,7.4,7.68,7.4,109.9,21.669,65.3,37.6,16,97.91
Hertfordshire,E10000015,36,4.22,2.3,12.1,3.6,48.8,78.6,128,7.33,6.24,2.6,54.8,65,80.7,84.2,66.3,66.3,0.095,52.4,1.4,4.2,"36,045.00",9.8,0.099,10.4,7.36,7.69,7.29,115.9,23.764,63.1,37.2,15.4,97.32
Kent,E10000016,23,6.86,2.6,10.2,4,38.5,64.9,132,9.44,11.39,4.7,51.4,65,79.6,83.3,64.6,63.6,0.114,44,1.3,4,"32,342.00",16.9,0.116,15,7.36,7.75,7.42,134.1,23.299,62.7,33.2,16,96.85
Lancashire,E10000017,24,8.95,3.3,5.93,4.3,35.8,54.1,108,9.65,10,3.1,50.4,61,78.3,82,61.4,64,0.108,44.6,1.5,5.3,"29,535.00",20.3,0.141,16.2,7.64,7.92,7.51,168.5,13.717,60.9,35.1,14,94.83
Leicestershire,E10000018,21,9.07,2.2,8.29,3.3,40.6,57.4,107,7.39,6.88,2.7,50.3,62,80.5,84.1,62.9,63.6,0.107,43.3,1.4,4.9,"30,284.00",11.3,0.092,10.4,7.51,7.83,7.38,120,16.897,61.5,33.3,15.6,97.55
Lincolnshire,E10000019,21,9.07,2.9,7.21,3.8,32.5,44,106,8.08,8.17,3.2,50.5,57,79,82.8,62.5,60.7,0.12,40.4,1.4,4.9,"29,140.00",15.4,0.124,16.9,7.59,7.92,7.59,143.8,22.711,56.4,31.2,11.5,96.94
Norfolk,E10000020,21,4.22,2.6,8.88,3.3,32.8,43.8,119,9.09,8,3.9,49.6,57,80,83.9,62.9,63.9,0.109,42.1,1.4,5.5,"29,006.00",16.1,0.121,15.6,7.53,7.81,7.44,131.7,23.351,59.4,33.9,14.9,97.31
North Yorkshire,E10000023,30,3.41,3.1,8.3,2.7,43.8,48,157,8.32,6.62,9.8,52.5,59,80.4,84.3,67.3,66.4,0.108,43.4,1.7,5.8,"29,991.00",13.8,0.094,12,7.37,7.74,7.41,124.6,21.975,65.4,35.6,17.1,97.63
Nottinghamshire,E10000024,16,9.07,2.7,7.02,3.6,33.2,46,125,7.74,8.58,3.1,51.1,62,79.6,82.6,62.4,60,0.103,40.4,1.4,4.6,"29,932.00",14,0.114,14.4,7.37,7.72,7.23,140.8,16.499,61.6,37.9,14.3,97.25
Oxfordshire,E10000025,28,6.86,2.2,10.89,2.9,55.9,57.7,133,6.69,6.02,2.3,51,61,81.5,84.9,68,69.4,0.103,59.5,1.4,4.7,"34,893.00",11.2,0.081,10.5,7.48,7.77,7.34,106.1,22.821,67.9,40.1,15.5,97.32
Somerset,E10000027,22,3.98,3,9.17,2.5,38.3,47.4,74,7.26,7.95,4,49.4,59,80.3,84.2,64.2,65.7,0.122,48.7,1.3,4.7,"28,676.00",13.9,0.104,14.8,7.59,7.93,7.5,120.4,23.582,63,35.6,16.2,96.45
Staffordshire,E10000028,23,4.36,2.6,7.21,4,41.7,44.2,91,6.02,5.31,2.1,49.3,63,79.3,83.1,63.1,60.7,0.117,45.5,1.4,5.4,"30,533.00",17.5,0.11,12.6,7.4,7.71,7.24,136.5,17.972,60.1,31.6,12.8,97.43
Suffolk,E10000029,24,4.22,2.6,9.38,2.3,36.5,50.8,164,7.58,7.05,3.4,48.8,57,80.7,84.1,67,64.4,0.099,39.3,1.4,4.7,"29,309.00",14.6,0.104,14.3,7.59,7.79,7.39,117,24.769,59.8,37,14.4,97.37
Surrey,E10000030,15,6.86,2.6,12.68,2.5,54.4,74.4,81,5.98,6.43,7.5,54.3,67,81.7,85,67.8,69.7,0.118,55.1,1.5,4.2,"38,646.00",9.3,0.073,8.9,7.48,7.77,7.42,97.1,22.824,66.8,38.6,16.6,98.21
Warwickshire,E10000031,40,4.36,3.3,8.55,2.1,44.7,66.4,118,7.7,6.78,2.5,52.9,62,79.7,83.4,62.1,64.1,0.125,49.5,1.4,7.5,"32,750.00",13.2,0.104,12.8,7.59,7.77,7.41,126.3,21.448,63.2,37.7,15.2,97.06
West Sussex,E10000032,24,6.86,2.1,11.64,4,43.2,60.3,106,5.1,4.92,3.5,51.6,55,80.8,84.1,63.8,63.9,0.103,53.1,1.4,3.4,"31,484.00",14.5,0.095,10.5,7.37,7.77,7.28,113.6,22.714,65.2,36.7,14.5,97.77
Worcestershire,E10000034,47,4.36,2.6,8.96,3,43.2,83.7,56,8.44,6.83,3.2,49.6,57,80,83.5,65.3,66.2,0.095,43.3,1.4,4.4,"29,871.00",16.5,0.107,13.7,7.4,7.7,7.34,125.2,24.492,60,35.8,14.5,97.77
North East,E12000001,22,3.41,3.5,5.43,5.9,34.4,43.2,139,10.59,13.1,4.1,49.2,65,77.6,81.5,59.1,59.7,0.11,33.5,1.5,4.6,"27,646.00",29.6,0.133,21.5,7.36,7.68,7.27,187.9,21.693,58.7,35.6,12.5,94.76
North West,E12000002,19,8.95,3.1,6.41,4.5,38.5,63.4,133,10.84,10.77,3.4,49.6,61,77.9,81.7,61.5,62.4,0.13,44.7,1.4,4.7,"29,655.00",21.2,0.133,19.2,7.36,7.7,7.27,176.9,21.693,60.1,35.6,13.3,94.25
Yorkshire and Humberside,E12000003,23,5.44,3,6.37,4.4,38,53.4,180,11.27,11.45,4.4,49.1,58,78.4,82.2,61.1,62.1,0.114,42,1.4,5.6,"29,022.00",25.2,0.133,18.7,7.32,7.67,7.24,163.3,21.693,60.3,35.6,13,95.22
East Midlands,E12000004,19,9.07,2.7,7.57,3.8,35.6,60.6,155,9.77,8.99,3.1,49.6,59,79.2,82.7,62,61.9,0.112,41.4,1.4,5.2,"29,212.00",16.1,0.133,16.1,7.44,7.81,7.39,143.5,21.693,59.3,35.6,13.6,96.42
West Midlands,E12000005,30,4.36,2.7,7.55,4.9,38.8,61.9,135,10.84,8.42,3.2,49.5,59,78.5,82.5,61.9,62.6,0.123,38.8,1.3,4.3,"29,799.00",24.6,0.133,20.1,7.39,7.72,7.28,151.6,21.693,57.8,35.6,11.9,96.07
East of England,E12000006,26,4.22,2.5,10.08,3.4,39.5,63.4,129,7.86,7.55,3,51,61,80.2,83.8,64.6,65,0.106,46.2,1.4,4.8,"32,240.00",13.8,0.133,13.8,7.47,7.75,7.37,124.3,21.693,60.2,35.6,14.8,97.17
London,E12000007,29,12.06,2.2,13.73,5.5,58.9,124.9,187,8.49,6,2.6,54.1,67,80.3,84.3,63.8,65,0.153,33,1.1,2.9,"37,500.00",16.6,0.133,19.6,7.27,7.6,7.24,125.8,21.693,62.4,35.6,10.4,94.08
South East,E12000008,24,6.86,2.4,10.74,3.6,45.1,68.2,133,8.51,8.11,4.3,52.1,63,80.6,84.1,65.5,65.9,0.112,46.1,1.4,3.8,"33,983.00",14.3,0.133,12.6,7.4,7.71,7.35,120.9,21.693,64.4,35.6,15.3,97.11
South West,E12000009,22,3.98,2.5,9.8,2.9,42,53,119,8.42,8,3.9,51.4,60,80.3,84.1,64.7,65.5,0.107,48.7,1.3,3.8,"29,585.00",13.7,0.133,13.9,7.5,7.76,7.41,126,21.693,65.3,35.6,15.4,96.62
England,E92000001,24,6.06,2.7,9.05,4.3,43.1,70.4,147,9.45,8.72,3.5,50.9,62,79.4,83.1,63.1,63.9,0.121,42.3,1.3,4.3,"31,490.00",18.5,0.133,17,7.38,7.71,7.31,142.2,21.693,61.4,35.6,13.4,95.85
Antrim and Newtownabbey,N09000001,25,6.06,2.7,9.05,3.6,41.6,40.8,147,9.45,8.72,3.5,50.9,62,78.8,82.6,61.4,61.2,0.119,42.3,2,8.6,"29,018.00",17.9,0.133,17.6,7.5,7.89,7.43,138.9,21.693,61.7,35.6,14,96.19
Armagh Banbridge and Craigavon,N09000002,25,6.06,2.7,9.05,3.6,41.6,37.1,147,9.45,8.72,3.5,50.9,62,79.3,83.2,61.8,64.3,0.119,42.3,2,10.7,"29,018.00",21.6,0.133,17.6,7.59,7.79,7.36,138.9,21.693,61.7,35.6,14,96.19
Belfast,N09000003,25,6.06,2.7,9.05,3.6,41.6,46.5,147,9.45,8.72,3.5,50.9,62,75.8,80.5,55.5,60.7,0.119,42.3,1.7,4.2,"29,018.00",22.4,0.133,17.6,7.21,7.59,7.11,138.9,21.693,61.7,35.6,14,96.19
Causeway Coast and Glens,N09000004,25,6.06,2.7,9.05,3.6,41.6,34.4,147,9.45,8.72,3.5,50.9,62,79.7,82.6,63.9,59.5,0.119,42.3,2.1,7.7,"29,018.00",22.5,0.133,17.6,7.66,8.09,7.74,138.9,21.693,61.7,35.6,14,96.19
Derry and Strabane,N09000005,25,6.06,2.7,9.05,3.6,41.6,38.4,147,9.45,8.72,3.5,50.9,62,78,81.6,60,62.4,0.119,42.3,1.9,7.9,"29,018.00",23,0.133,17.6,7.63,7.92,7.38,138.9,21.693,61.7,35.6,14,96.19
Fermanagh and Omagh,N09000006,25,6.06,2.7,9.05,3.6,41.6,43.5,147,9.45,8.72,3.5,50.9,62,79.2,83.2,61.4,64,0.119,42.3,2.1,11.3,"29,018.00",21.7,0.133,17.6,7.76,8.15,7.9,138.9,21.693,61.7,35.6,14,96.19
Lisburn and Castlereagh,N09000007,25,6.06,2.7,9.05,3.6,41.6,39.8,147,9.45,8.72,3.5,50.9,62,80.3,83.3,63.7,68.9,0.119,42.3,2,5.5,"29,018.00",14.7,0.133,17.6,7.67,8,7.56,138.9,21.693,61.7,35.6,14,96.19
Mid and East Antrim,N09000008,25,6.06,2.7,9.05,3.6,41.6,29.3,147,9.45,8.72,3.5,50.9,62,79,82.3,61,60.1,0.119,42.3,2.1,7.8,"29,018.00",19.9,0.133,17.6,7.3,7.99,7.38,138.9,21.693,61.7,35.6,14,96.19
Mid Ulster,N09000009,25,6.06,2.7,9.05,3.6,41.6,45.6,147,9.45,8.72,3.5,50.9,62,79.6,83.1,63.6,60.3,0.119,42.3,1.8,10.6,"29,018.00",20.6,0.133,17.6,7.76,8.12,7.81,138.9,21.693,61.7,35.6,14,96.19
Newry Mourne and Down,N09000010,25,6.06,2.7,9.05,3.6,41.6,72.9,147,9.45,8.72,3.5,50.9,62,79.3,83.2,62.8,62.3,0.119,42.3,1.9,6.1,"29,018.00",24,0.133,17.6,7.73,8.09,7.81,138.9,21.693,61.7,35.6,14,96.19
Ards and North Down,N09000011,25,6.06,2.7,9.05,3.6,41.6,31.4,147,9.45,8.72,3.5,50.9,62,79.6,82.7,64.2,62.9,0.119,42.3,2.2,4.1,"29,018.00",17.4,0.133,17.6,7.52,7.75,7.46,138.9,21.693,61.7,35.6,14,96.19
Northern Ireland,N92000002,25,6.06,2.7,9.05,3.6,41.6,42.5,147,9.45,8.72,3.5,50.9,62,78.7,82.4,61.5,62.7,0.119,42.3,2,7.3,"29,018.00",20.5,0.133,17.6,7.54,7.9,7.49,138.9,21.693,61.7,35.6,14,96.19
Clackmannanshire,S12000005,25,6.06,2.7,9.05,3.5,40.7,30.7,147,9.45,8.72,3.5,50.9,62,76.2,80.6,62.5,62.7,0.119,42.3,1.5,9,"30,505.00",18.9,0.133,17.6,7.39,7.57,7.22,138.9,21.693,61.7,35.6,14,96.19
Dumfries and Galloway,S12000006,25,6.06,2.7,9.05,4.6,43.1,25.6,147,9.45,8.72,3.5,50.9,62,78,81.5,63.1,61.4,0.119,42.3,1.7,2.3,"27,555.00",18.4,0.133,17.6,7.58,8.02,7.52,138.9,21.693,61.7,35.6,14,96.19
East Ayrshire,S12000008,25,6.06,2.7,9.05,4.3,41.8,31.8,147,9.45,8.72,3.5,50.9,62,75.2,79.8,57.2,59.1,0.119,42.3,1.5,2.9,"32,383.00",19.9,0.133,17.6,7.4,7.7,7.3,138.9,21.693,61.7,35.6,14,96.19
East Lothian,S12000010,25,6.06,2.7,9.05,3.2,48.7,30,147,9.45,8.72,3.5,50.9,62,79.3,82.9,63.7,65.3,0.119,42.3,1.5,8.2,"30,788.00",12.6,0.133,17.6,7.59,7.81,7.44,138.9,21.693,61.7,35.6,14,96.19
East Renfrewshire,S12000011,25,6.06,2.7,9.05,3.5,63.6,38.6,147,9.45,8.72,3.5,50.9,62,79.5,84,68.7,67,0.119,42.3,1.6,3.5,"44,557.00",8.9,0.133,17.6,7.58,7.9,7.49,138.9,21.693,61.7,35.6,14,96.19
Eilean Siar,S12000013,25,6.06,2.7,9.05,3.5,44.6,31.3,147,9.45,8.72,3.5,50.9,62,78.6,83,68.3,67.5,0.119,42.3,2.1,18.7,"33,505.00",11.8,0.133,17.6,7.96,8.24,7.77,138.9,21.693,61.7,35.6,14,96.19
Falkirk,S12000014,25,6.06,2.7,9.05,1.9,44.2,32,147,9.45,8.72,3.5,50.9,62,76.6,80.4,60.8,59.5,0.119,42.3,1.4,13.2,"30,122.00",16.3,0.133,17.6,7.41,7.68,7.28,138.9,21.693,61.7,35.6,14,96.19
Highland,S12000017,25,6.06,2.7,9.05,2.6,45.3,37.1,147,9.45,8.72,3.5,50.9,62,77.5,81.9,64.5,65.3,0.119,42.3,1.7,0.3,"31,191.00",15.3,0.133,17.6,7.74,8.07,7.64,138.9,21.693,61.7,35.6,14,96.19
Inverclyde,S12000018,25,6.06,2.7,9.05,4.1,42.3,27.8,147,9.45,8.72,3.5,50.9,62,74.3,78.6,54.4,59.4,0.119,42.3,1.4,3.6,"31,353.00",13.6,0.133,17.6,7.32,7.69,7.36,138.9,21.693,61.7,35.6,14,96.19
Midlothian,S12000019,25,6.06,2.7,9.05,1,51.9,34.6,147,9.45,8.72,3.5,50.9,62,77.4,81.2,58.6,63.7,0.119,42.3,1.4,3.8,"30,449.00",13.5,0.133,17.6,7.4,7.85,7.32,138.9,21.693,61.7,35.6,14,96.19
Moray,S12000020,25,6.06,2.7,9.05,4,48.4,27.6,147,9.45,8.72,3.5,50.9,62,78.9,81.8,61.6,62.6,0.119,42.3,1.6,4.2,"28,685.00",16.1,0.133,17.6,7.53,7.83,7.39,138.9,21.693,61.7,35.6,14,96.19
North Ayrshire,S12000021,25,6.06,2.7,9.05,4.5,37.5,28.6,147,9.45,8.72,3.5,50.9,62,75.3,80.1,57.4,54,0.119,42.3,1.5,5.3,"32,862.00",20.8,0.133,17.6,7.09,7.64,7.16,138.9,21.693,61.7,35.6,14,96.19
Orkney Islands,S12000023,25,6.06,2.7,9.05,10.1,40.7,23.9,147,9.45,8.72,3.5,50.9,62,80.1,83.5,71.2,77.5,0.119,42.3,1.6,9,"26,998.00",13.1,0.133,17.6,8.17,8.31,8.11,138.9,21.693,61.7,35.6,14,96.19
Scottish Borders,S12000026,25,6.06,2.7,9.05,6.4,45.7,33.7,147,9.45,8.72,3.5,50.9,62,78.6,82.1,64.1,65.3,0.119,42.3,1.8,3.4,"28,226.00",14.7,0.133,17.6,7.61,7.81,7.58,138.9,21.693,61.7,35.6,14,96.19
Shetland Islands,S12000027,25,6.06,2.7,9.05,3.5,49,37.4,147,9.45,8.72,3.5,50.9,62,80.6,83.2,63.5,62.5,0.119,42.3,1.5,18.2,"33,729.00",13.6,0.133,17.6,7.63,8.02,7.42,138.9,21.693,61.7,35.6,14,96.19
South Ayrshire,S12000028,25,6.06,2.7,9.05,6,50.3,41.2,147,9.45,8.72,3.5,50.9,62,76.7,81.1,61.8,63.7,0.119,42.3,1.6,2.8,"34,065.00",16,0.133,17.6,7.44,7.73,7.41,138.9,21.693,61.7,35.6,14,96.19
South Lanarkshire,S12000029,25,6.06,2.7,9.05,2.2,39.7,40,147,9.45,8.72,3.5,50.9,62,76.4,80.5,59.5,62.7,0.119,42.3,1.5,4,"33,630.00",14.9,0.133,17.6,7.16,7.62,7.06,138.9,21.693,61.7,35.6,14,96.19
Stirling,S12000030,25,6.06,2.7,9.05,4.1,54.8,46.2,147,9.45,8.72,3.5,50.9,62,77.6,81.9,63.4,64.7,0.119,42.3,1.5,4.6,"34,265.00",13.1,0.133,17.6,7.42,7.69,7.34,138.9,21.693,61.7,35.6,14,96.19
Aberdeen,S12000033,25,6.06,2.7,9.05,4,54.2,46,147,9.45,8.72,3.5,50.9,62,76.9,81.3,58.3,61.3,0.119,42.3,1.4,4.4,"29,949.00",13.2,0.133,17.6,7.21,7.56,7.17,138.9,21.693,61.7,35.6,14,96.19
Aberdeenshire,S12000034,25,6.06,2.7,9.05,4.4,49.7,41,147,9.45,8.72,3.5,50.9,62,78.9,82.4,67,65.9,0.119,42.3,1.8,4.6,"32,605.00",9.7,0.133,17.6,7.44,7.71,7.39,138.9,21.693,61.7,35.6,14,96.19
Argyll and Bute,S12000035,25,6.06,2.7,9.05,3.5,50.3,30.2,147,9.45,8.72,3.5,50.9,62,78,81.6,63.4,64.6,0.119,42.3,1.7,0.5,"26,902.00",13.8,0.133,17.6,7.74,7.92,7.63,138.9,21.693,61.7,35.6,14,96.19
Edinburgh,S12000036,25,6.06,2.7,9.05,2.8,69,49.8,147,9.45,8.72,3.5,50.9,62,78.2,82.4,64.2,66.5,0.119,42.3,1.3,3.5,"33,241.00",11.3,0.133,17.6,7.48,7.71,7.26,138.9,21.693,61.7,35.6,14,96.19
Renfrewshire,S12000038,25,6.06,2.7,9.05,2.6,50.4,38.2,147,9.45,8.72,3.5,50.9,62,75.7,80.4,60.6,61.6,0.119,42.3,1.4,4,"34,606.00",14.8,0.133,17.6,7.13,7.38,7.09,138.9,21.693,61.7,35.6,14,96.19
West Dunbartonshire,S12000039,25,6.06,2.7,9.05,2.6,36.2,34.3,147,9.45,8.72,3.5,50.9,62,74.1,78.8,58.1,58.5,0.119,42.3,1.3,3.5,"31,093.00",18.8,0.133,17.6,7.27,7.74,7.25,138.9,21.693,61.7,35.6,14,96.19
West Lothian,S12000040,25,6.06,2.7,9.05,2.8,43.8,39.7,147,9.45,8.72,3.5,50.9,62,77.5,80.5,61.3,61,0.119,42.3,1.4,4.5,"30,623.00",15.5,0.133,17.6,7.14,7.38,7,138.9,21.693,61.7,35.6,14,96.19
Angus,S12000041,25,6.06,2.7,9.05,2.4,48.1,33.5,147,9.45,8.72,3.5,50.9,62,78.5,82.3,62.2,62.6,0.119,42.3,1.6,4.4,"30,305.00",15.6,0.133,17.6,7.28,7.59,7.3,138.9,21.693,61.7,35.6,14,96.19
Dundee,S12000042,25,6.06,2.7,9.05,5.5,53.8,39.2,147,9.45,8.72,3.5,50.9,62,73.8,79.4,56.1,58,0.119,42.3,1.3,3.9,"28,192.00",17.6,0.133,17.6,7.19,7.53,7.16,138.9,21.693,61.7,35.6,14,96.19
East Dunbartonshire,S12000045,25,6.06,2.7,9.05,4.1,57.3,34.7,147,9.45,8.72,3.5,50.9,62,80.2,83.4,66.7,66.4,0.119,42.3,1.6,3.2,"37,402.00",8.3,0.133,17.6,7.49,7.84,7.34,138.9,21.693,61.7,35.6,14,96.19
Fife,S12000047,25,6.06,2.7,9.05,5.8,51,31.8,147,9.45,8.72,3.5,50.9,62,77.2,81.4,57.8,59,0.119,42.3,1.5,6.6,"30,810.00",17.3,0.133,17.6,7.34,7.69,7.37,138.9,21.693,61.7,35.6,14,96.19
Perth and Kinross,S12000048,25,6.06,2.7,9.05,1.5,48.9,35.6,147,9.45,8.72,3.5,50.9,62,79,82.9,67,62.3,0.119,42.3,1.7,4,"30,172.00",13.8,0.133,17.6,7.49,7.84,7.44,138.9,21.693,61.7,35.6,14,96.19
Glasgow,S12000049,25,6.06,2.7,9.05,3.5,53.9,52.2,147,9.45,8.72,3.5,50.9,62,73.1,78.3,56,57.4,0.119,42.3,1.1,3.3,"31,872.00",24.6,0.133,17.6,7.21,7.34,6.97,138.9,21.693,61.7,35.6,14,96.19
North Lanarkshire,S12000050,25,6.06,2.7,9.05,3,38.8,36.6,147,9.45,8.72,3.5,50.9,62,74.5,79.2,56.6,55.5,0.119,42.3,1.4,4.6,"31,107.00",18.8,0.133,17.6,7.44,7.77,7.29,138.9,21.693,61.7,35.6,14,96.19
Scotland,S92000003,25,6.06,2.7,9.05,3.5,50.1,39.1,147,9.45,8.72,3.5,50.9,62,76.8,81,60.9,61.8,0.119,42.3,1.5,4.4,"31,659.00",15.9,0.133,17.6,7.38,7.68,7.27,138.9,21.693,61.7,35.6,14,96.19
Isle of Anglesey,W06000001,25,6.06,2.7,6.78,4.7,37.9,32.5,400,7.96,8.49,3.5,50.9,62,79.3,82.9,64.2,63.6,0.119,42.3,1.8,4.2,"28,760.00",28.9,0.133,17.6,7.46,7.83,7.5,138.9,21.693,61.7,35.6,14,96.19
Gwynedd,W06000002,25,6.06,2.7,7.06,3.2,40.9,28.3,174,8.64,9.38,3.5,50.9,62,79.5,83.1,65.1,68.1,0.119,42.3,1.6,3.6,"24,771.00",27.4,0.133,17.6,7.46,7.73,7.49,138.9,21.693,61.7,35.6,14,96.19
Conwy,W06000003,25,6.06,2.7,6.85,3.4,43.7,41.8,111,11.43,11.46,3.5,50.9,62,78.4,83.1,63.4,66,0.119,42.3,1.5,3.7,"28,473.00",27.4,0.133,17.6,7.48,7.7,7.44,138.9,21.693,61.7,35.6,14,96.19
Denbighshire,W06000004,25,6.06,2.7,6.49,3.5,41.1,44.2,204,13.68,11.59,3.5,50.9,62,78.3,81.1,63.3,65.8,0.119,42.3,1.6,3.6,"26,974.00",27,0.133,17.6,7.66,7.98,7.53,138.9,21.693,61.7,35.6,14,96.19
Flintshire,W06000005,25,6.06,2.7,5.99,1.2,36.7,60.1,135,8.26,9.67,3.5,50.9,62,79.2,82.2,64.2,64,0.119,42.3,1.5,9.2,"30,054.00",21.2,0.133,17.6,7.31,7.61,7.21,138.9,21.693,61.7,35.6,14,96.19
Wrexham,W06000006,25,6.06,2.7,6.08,4.7,35.9,40.4,111,11.47,12.52,3.5,50.9,62,78.3,81.3,63.8,63.3,0.119,42.3,1.4,5.3,"27,793.00",24.8,0.133,17.6,7.18,7.55,7.11,138.9,21.693,61.7,35.6,14,96.19
Ceredigion,W06000008,25,6.06,2.7,7.71,3,50.2,32.2,178,8.71,8.48,3.5,50.9,62,78.9,83.7,62.6,64.2,0.119,42.3,1.9,4,"27,902.00",28,0.133,17.6,7.3,7.67,7.2,138.9,21.693,61.7,35.6,14,96.19
Pembrokeshire,W06000009,25,6.06,2.7,6.65,4.6,37.9,47.4,160,8.14,9.96,3.5,50.9,62,79.5,83.1,61.8,65.8,0.119,42.3,1.7,4.2,"29,558.00",29.3,0.133,17.6,7.44,7.74,7.46,138.9,21.693,61.7,35.6,14,96.19
Carmarthenshire,W06000010,25,6.06,2.7,5.63,3.5,35.2,45.9,186,7.5,8.63,3.5,50.9,62,78.4,82.3,59.7,61.8,0.119,42.3,1.7,4,"29,769.00",27.7,0.133,17.6,7.56,7.81,7.47,138.9,21.693,61.7,35.6,14,96.19
Swansea,W06000011,25,6.06,2.7,6.07,6.1,39.4,51.2,104,9.06,8.37,3.5,50.9,62,77.5,81.8,61.9,60.5,0.119,42.3,1.4,3.7,"28,827.00",24,0.133,17.6,7.28,7.64,7.07,138.9,21.693,61.7,35.6,14,96.19
Neath Port Talbot,W06000012,25,6.06,2.7,4.41,3.3,29.3,36.5,154,8.9,7.35,3.5,50.9,62,76.9,80.9,59.7,57.9,0.119,42.3,1.4,46.1,"30,620.00",26.1,0.133,17.6,7.31,7.79,7.36,138.9,21.693,61.7,35.6,14,96.19
Bridgend,W06000013,25,6.06,2.7,5.97,2.1,38.5,45.3,129,8.67,6.49,3.5,50.9,62,77,81.2,60.2,58.2,0.119,42.3,1.4,4.9,"29,667.00",24.8,0.133,17.6,7.54,7.74,7.49,138.9,21.693,61.7,35.6,14,96.19
The Vale of Glamorgan,W06000014,25,6.06,2.7,8.69,3.9,49.3,43.9,127,6.51,7.24,3.5,50.9,62,79.6,83.3,61.9,64.7,0.119,42.3,1.4,7.5,"29,564.00",19,0.133,17.6,7.62,7.7,7.43,138.9,21.693,61.7,35.6,14,96.19
Cardiff,W06000015,25,6.06,2.7,8.19,3.9,45,56.4,80,9.44,9.78,3.5,50.9,62,78,82.8,62.9,65.9,0.119,42.3,1.2,4,"29,288.00",25.5,0.133,17.6,7.36,7.6,7.27,138.9,21.693,61.7,35.6,14,96.19
"Rhondda, Cynon, Taff",W06000016,25,6.06,2.7,4.69,2.8,33.3,47.5,81,9.2,10.25,3.5,50.9,62,77,80.5,57.1,60.7,0.119,42.3,1.4,3.8,"27,693.00",30,0.133,17.6,7.18,7.59,6.97,138.9,21.693,61.7,35.6,14,96.19
Caerphilly,W06000018,25,6.06,2.7,5.29,3.2,33,39.8,89,9.7,12.94,3.5,50.9,62,77.4,81.1,56.7,57,0.119,42.3,1.4,3.5,"29,289.00",27.2,0.133,17.6,7.31,7.73,7.2,138.9,21.693,61.7,35.6,14,96.19
Blaenau Gwent,W06000019,25,6.06,2.7,3.96,4,27.2,36.3,179,12.11,17.32,3.5,50.9,62,76.3,80,55.7,56.5,0.119,42.3,1.5,3.9,"27,747.00",32.2,0.133,17.6,7.14,7.56,7.13,138.9,21.693,61.7,35.6,14,96.19
Torfaen,W06000020,25,6.06,2.7,6.24,5.2,27.8,36.9,240,9.68,13.14,3.5,50.9,62,78.1,81.3,60.8,55.3,0.119,42.3,1.3,4,"26,454.00",26.7,0.133,17.6,7.34,7.66,7.26,138.9,21.693,61.7,35.6,14,96.19
Monmouthshire,W06000021,25,6.06,2.7,8.67,2.4,52.8,44.4,127,5.94,7.95,3.5,50.9,62,81.6,84.6,68.7,69.3,0.119,42.3,1.6,4.9,"34,012.00",17.4,0.133,17.6,7.59,7.8,7.65,138.9,21.693,61.7,35.6,14,96.19
Newport,W06000022,25,6.06,2.7,6.77,6.5,40.2,65.9,135,11.19,16.2,3.5,50.9,62,77.5,81.6,60.7,58.1,0.119,42.3,1.3,5.6,"29,017.00",29,0.133,17.6,7.28,7.63,7.35,138.9,21.693,61.7,35.6,14,96.19
Powys,W06000023,25,6.06,2.7,7.66,4.6,40.7,38,127,6.99,8.09,3.5,50.9,62,80.1,83.4,62,65.6,0.119,42.3,1.8,3.5,"27,414.00",26.2,0.133,17.6,7.42,7.69,7.42,138.9,21.693,61.7,35.6,14,96.19
Merthyr Tydfil,W06000024,25,6.06,2.7,4.52,5.8,29.3,36.8,127,9.2,10.25,3.5,50.9,62,76.3,80.2,57.7,57,0.119,42.3,1.5,3.7,"27,074.00",29.5,0.133,17.6,7.33,7.71,7.33,138.9,21.693,61.7,35.6,14,96.19
Wales,W92000004,25,6.06,2.7,6.34,3.9,38.7,45.7,127,9.2,10.25,3.5,50.9,62,78.3,82.1,61.5,62.4,0.119,42.3,1.5,6.4,"28,861.00",26.2,0.133,17.6,7.38,7.69,7.3,138.9,21.693,61.7,35.6,14,96.19
